transaction_id,amount,payment_method,failure_reason,previous_attempts,customer_successful_payments,customer_failed_payments,hours_since_failure,recovery_probability_true,recovered,recovery_status
TXN100000,5742.57,UPI,upi_timeout,2,19,5,55.2,0.465,1,Recovered
TXN100001,14270.52,Card,card_declined,0,0,2,29.3,0.304,1,Recovered
TXN100002,11033.24,NetBanking,upi_timeout,1,19,2,63.4,0.57,1,Recovered
TXN100003,9059.74,Card,authentication_failed,1,8,2,46.7,0.09,0,Unrecovered
TXN100004,2508.23,NetBanking,insufficient_funds,0,14,5,64.8,0.225,0,Unrecovered
TXN100005,2507.87,Card,authentication_failed,0,0,4,44.9,0.05,0,Unrecovered
TXN100006,1058.7,Card,insufficient_funds,1,11,2,9.5,0.338,1,Recovered
TXN100007,13019.27,NetBanking,bank_timeout,1,2,1,22.4,0.513,0,Unrecovered
TXN100008,9096.1,UPI,network_error,0,10,0,14.6,0.827,1,Recovered
TXN100009,10679.18,Card,authentication_failed,1,1,4,65.4,0.05,0,Unrecovered
TXN100010,503.67,UPI,upi_timeout,0,15,0,54.8,0.75,1,Recovered
TXN100011,14554.64,Wallet,bank_timeout,1,8,2,48.7,0.49,0,Unrecovered
TXN100012,12519.98,Wallet,network_error,0,14,4,21.7,0.691,1,Recovered
TXN100013,3341.83,UPI,upi_timeout,2,11,3,13.3,0.614,0,Unrecovered
TXN100014,2890.19,Card,card_declined,0,0,1,54.5,0.325,1,Recovered
TXN100015,2913.57,Wallet,upi_timeout,0,12,2,34.2,0.709,1,Recovered
TXN100016,4702.09,UPI,insufficient_funds,0,13,2,16.3,0.414,1,Recovered
TXN100017,7965.92,Card,insufficient_funds,0,7,1,44.4,0.23,0,Unrecovered
TXN100018,6592.22,Wallet,card_declined,1,7,1,3.0,0.535,1,Recovered
TXN100019,4509.48,UPI,bank_timeout,0,11,3,23.6,0.722,1,Recovered
TXN100020,9255.03,Card,network_error,2,0,2,33.8,0.371,0,Unrecovered
TXN100021,2263.65,UPI,upi_timeout,0,10,5,10.7,0.722,1,Recovered
TXN100022,4523.03,Wallet,insufficient_funds,0,7,2,70.9,0.205,0,Unrecovered
TXN100023,5621.52,Wallet,bank_timeout,0,9,0,15.1,0.81,1,Recovered
TXN100024,6949.29,Wallet,card_declined,0,18,4,9.5,0.602,0,Unrecovered
TXN100025,11820.39,Card,authentication_failed,0,10,4,14.7,0.227,0,Unrecovered
TXN100026,3154.37,NetBanking,insufficient_funds,0,6,0,55.4,0.24,0,Unrecovered
TXN100027,7810.18,NetBanking,card_declined,1,10,4,30.7,0.367,0,Unrecovered
TXN100028,8967.33,UPI,upi_timeout,0,16,1,40.8,0.725,1,Recovered
TXN100029,886.51,NetBanking,network_error,1,0,4,1.6,0.562,1,Recovered
TXN100030,9191.27,UPI,insufficient_funds,1,7,4,2.6,0.262,1,Recovered
TXN100031,2722.93,Card,insufficient_funds,0,5,0,32.2,0.264,0,Unrecovered
TXN100032,1161.83,UPI,upi_timeout,1,17,3,58.8,0.595,1,Recovered
TXN100033,14243.45,UPI,authentication_failed,3,5,4,63.7,0.05,0,Unrecovered
TXN100034,14491.32,UPI,bank_timeout,1,4,5,6.3,0.524,1,Recovered
TXN100035,12164.09,Card,network_error,1,12,4,38.8,0.506,1,Recovered
TXN100036,4707.59,UPI,insufficient_funds,0,18,3,65.8,0.275,0,Unrecovered
TXN100037,1644.64,Card,network_error,2,7,0,28.0,0.555,0,Unrecovered
TXN100038,10326.33,UPI,insufficient_funds,2,8,3,59.7,0.05,0,Unrecovered
TXN100039,6713.7,UPI,network_error,1,16,0,9.7,0.822,1,Recovered
TXN100040,2005.29,Card,card_declined,3,2,1,67.4,0.115,1,Recovered
TXN100041,7528.11,NetBanking,insufficient_funds,0,18,0,54.1,0.35,0,Unrecovered
TXN100042,707.98,UPI,network_error,0,10,1,67.8,0.675,0,Unrecovered
TXN100043,13657.85,Card,bank_timeout,2,16,1,48.7,0.515,0,Unrecovered
TXN100044,4029.2,NetBanking,card_declined,2,18,0,26.2,0.459,0,Unrecovered
TXN100045,10004.99,Card,card_declined,0,1,5,67.6,0.19,0,Unrecovered
TXN100046,4812.64,UPI,bank_timeout,0,7,2,19.9,0.705,1,Recovered
TXN100047,7896.53,UPI,network_error,0,18,0,24.0,0.83,1,Recovered
TXN100048,8290.86,NetBanking,upi_timeout,0,6,4,50.5,0.54,0,Unrecovered
TXN100049,2935.03,UPI,bank_timeout,2,16,5,55.1,0.465,1,Recovered
TXN100050,14549.82,NetBanking,network_error,1,5,5,66.9,0.37,1,Recovered
TXN100051,11671.74,Card,bank_timeout,0,18,4,14.8,0.726,1,Recovered
TXN100052,14104.52,Wallet,bank_timeout,0,5,2,57.5,0.525,1,Recovered
TXN100053,13443.34,NetBanking,insufficient_funds,0,1,5,53.2,0.05,0,Unrecovered
TXN100054,9048.52,Wallet,network_error,0,5,1,4.7,0.776,0,Unrecovered
TXN100055,13843.66,UPI,upi_timeout,1,4,2,27.9,0.491,0,Unrecovered
TXN100056,1508.78,NetBanking,insufficient_funds,3,18,4,20.4,0.108,0,Unrecovered
TXN100057,3099.74,UPI,bank_timeout,2,19,2,22.0,0.63,0,Unrecovered
TXN100058,868.41,Card,authentication_failed,0,3,0,70.8,0.145,0,Unrecovered
TXN100059,5014.21,Card,bank_timeout,2,16,2,46.3,0.54,0,Unrecovered
TXN100060,5951.81,NetBanking,bank_timeout,2,10,1,51.7,0.515,0,Unrecovered
TXN100061,4215.24,Wallet,network_error,2,3,0,70.3,0.435,0,Unrecovered
TXN100062,12465.14,NetBanking,network_error,1,12,3,27.2,0.589,0,Unrecovered
TXN100063,5479.31,UPI,insufficient_funds,0,19,4,57.8,0.25,0,Unrecovered
TXN100064,4357.11,UPI,upi_timeout,0,16,4,31.3,0.694,1,Recovered
TXN100065,8231.44,Card,insufficient_funds,0,8,2,62.6,0.22,0,Unrecovered
TXN100066,2284.82,UPI,card_declined,0,3,5,13.1,0.405,0,Unrecovered
TXN100067,12072.32,UPI,bank_timeout,0,13,0,68.2,0.695,1,Recovered
TXN100068,1302.42,UPI,authentication_failed,1,18,3,15.8,0.266,0,Unrecovered
TXN100069,14805.91,UPI,bank_timeout,1,2,0,23.6,0.532,1,Recovered
TXN100070,11628.99,UPI,bank_timeout,1,13,4,54.5,0.515,1,Recovered
TXN100071,3140.19,UPI,insufficient_funds,0,7,0,28.4,0.313,1,Recovered
TXN100072,280.73,UPI,authentication_failed,3,0,3,43.8,0.05,0,Unrecovered
TXN100073,12268.64,UPI,authentication_failed,3,9,5,32.1,0.05,0,Unrecovered
TXN100074,10661.2,Wallet,authentication_failed,2,17,2,53.5,0.05,0,Unrecovered
TXN100075,10989.04,UPI,insufficient_funds,3,15,1,16.5,0.153,0,Unrecovered
TXN100076,11614.57,UPI,bank_timeout,1,7,0,4.3,0.704,1,Recovered
TXN100077,1294.93,Card,insufficient_funds,3,0,1,21.7,0.05,0,Unrecovered
TXN100078,5504.65,UPI,network_error,0,11,4,34.2,0.644,0,Unrecovered
TXN100079,1913.98,Wallet,network_error,0,7,2,12.2,0.744,1,Recovered
TXN100080,12973.79,NetBanking,insufficient_funds,0,15,2,25.6,0.322,0,Unrecovered
TXN100081,9424.44,UPI,authentication_failed,0,17,0,28.9,0.356,0,Unrecovered
TXN100082,5096.62,UPI,bank_timeout,0,3,5,4.2,0.649,1,Recovered
TXN100083,1139.73,NetBanking,insufficient_funds,1,5,2,42.0,0.095,0,Unrecovered
TXN100084,4801.85,Wallet,insufficient_funds,2,11,0,63.7,0.155,1,Recovered
TXN100085,5012.04,Card,insufficient_funds,1,8,0,11.0,0.335,1,Recovered
TXN100086,10997.9,Card,card_declined,0,14,1,43.1,0.475,0,Unrecovered
TXN100087,9635.49,UPI,network_error,2,15,2,47.9,0.54,0,Unrecovered
TXN100088,13330.64,Wallet,authentication_failed,1,11,0,30.3,0.184,1,Recovered
TXN100089,7188.25,UPI,upi_timeout,0,13,1,50.5,0.72,1,Recovered
TXN100090,1969.11,Wallet,authentication_failed,1,12,3,29.6,0.177,0,Unrecovered
TXN100091,10755.74,Card,upi_timeout,0,1,1,36.4,0.508,1,Recovered
TXN100092,11459.38,Card,card_declined,0,2,1,0.6,0.502,0,Unrecovered
TXN100093,8506.46,Card,insufficient_funds,2,9,0,49.8,0.125,0,Unrecovered
TXN100094,11610.09,UPI,card_declined,0,8,4,47.7,0.32,0,Unrecovered
TXN100095,7507.67,UPI,card_declined,1,19,4,2.9,0.556,0,Unrecovered
TXN100096,7935.97,UPI,bank_timeout,2,7,5,26.6,0.437,1,Recovered
TXN100097,6527.03,UPI,network_error,1,9,4,70.5,0.505,0,Unrecovered
TXN100098,575.23,NetBanking,upi_timeout,0,18,1,30.4,0.773,1,Recovered
TXN100099,1795.9,UPI,insufficient_funds,0,2,5,36.2,0.074,0,Unrecovered
TXN100100,664.18,UPI,upi_timeout,0,4,0,65.5,0.61,0,Unrecovered
TXN100101,9618.51,Wallet,authentication_failed,1,2,2,51.7,0.05,0,Unrecovered
TXN100102,4851.78,NetBanking,upi_timeout,0,15,1,42.0,0.725,1,Recovered
TXN100103,7726.35,Wallet,authentication_failed,0,16,1,57.5,0.275,0,Unrecovered
TXN100104,13631.89,Wallet,network_error,3,14,5,62.2,0.335,1,Recovered
TXN100105,3888.77,UPI,authentication_failed,1,2,0,33.0,0.085,0,Unrecovered
TXN100106,6273.08,UPI,upi_timeout,0,11,3,34.3,0.669,1,Recovered
TXN100107,11381.91,NetBanking,upi_timeout,1,8,1,27.9,0.576,1,Recovered
TXN100108,3585.44,Card,authentication_failed,1,11,3,69.6,0.11,0,Unrecovered
TXN100109,1338.38,UPI,card_declined,0,14,3,50.2,0.475,0,Unrecovered
TXN100110,4487.61,NetBanking,network_error,0,1,4,6.1,0.635,1,Recovered
TXN100111,2585.24,UPI,bank_timeout,2,17,0,62.1,0.59,1,Recovered
TXN100112,13959.45,UPI,insufficient_funds,1,19,3,34.7,0.172,0,Unrecovered
TXN100113,12159.99,Card,upi_timeout,1,11,0,5.0,0.76,1,Recovered
TXN100114,9574.01,Card,insufficient_funds,0,3,4,39.6,0.097,0,Unrecovered
TXN100115,13097.49,Card,bank_timeout,0,15,0,30.1,0.75,0,Unrecovered
TXN100116,12094.15,UPI,insufficient_funds,0,15,1,63.2,0.275,0,Unrecovered
TXN100117,2960.42,NetBanking,bank_timeout,0,0,3,14.8,0.601,1,Recovered
TXN100118,13409.77,UPI,authentication_failed,0,1,0,59.5,0.065,0,Unrecovered
TXN100119,8181.8,UPI,card_declined,0,2,2,40.2,0.33,0,Unrecovered
TXN100120,12149.92,NetBanking,upi_timeout,2,19,0,4.0,0.72,0,Unrecovered
TXN100121,13462.05,Wallet,bank_timeout,3,16,3,70.0,0.385,1,Recovered
TXN100122,4905.77,NetBanking,insufficient_funds,2,19,4,37.0,0.105,0,Unrecovered
TXN100123,1827.88,NetBanking,upi_timeout,2,0,4,21.0,0.385,1,Recovered
TXN100124,3572.67,Card,card_declined,0,19,3,33.9,0.506,1,Recovered
TXN100125,6520.62,Card,authentication_failed,3,5,1,61.8,0.05,0,Unrecovered
TXN100126,12306.44,UPI,upi_timeout,0,14,1,22.0,0.765,1,Recovered
TXN100127,12938.67,UPI,bank_timeout,3,13,4,14.0,0.485,0,Unrecovered
TXN100128,301.9,UPI,card_declined,3,19,4,9.4,0.363,1,Recovered
TXN100129,7758.57,UPI,insufficient_funds,1,14,3,21.5,0.288,0,Unrecovered
TXN100130,6377.1,Card,card_declined,3,13,1,56.2,0.28,0,Unrecovered
TXN100131,3486.42,Card,card_declined,1,4,4,34.0,0.26,0,Unrecovered
TXN100132,1973.13,UPI,network_error,0,5,1,16.5,0.717,1,Recovered
TXN100133,5196.04,UPI,card_declined,0,16,4,12.0,0.59,1,Recovered
TXN100134,14155.01,Card,card_declined,1,10,0,24.0,0.45,0,Unrecovered
TXN100135,4982.73,UPI,upi_timeout,0,15,2,67.7,0.7,0,Unrecovered
TXN100136,7877.62,NetBanking,insufficient_funds,1,11,5,24.8,0.186,0,Unrecovered
TXN100137,10604.38,Card,upi_timeout,3,14,0,71.1,0.46,1,Recovered
TXN100138,5581.08,Card,upi_timeout,0,3,5,35.0,0.495,1,Recovered
TXN100139,14582.35,Card,bank_timeout,2,17,4,13.0,0.575,0,Unrecovered
TXN100140,14444.18,NetBanking,upi_timeout,2,2,2,64.2,0.32,1,Recovered
TXN100141,3925.63,UPI,network_error,3,7,2,33.2,0.399,0,Unrecovered
TXN100142,7558.78,Card,network_error,3,2,4,51.1,0.24,0,Unrecovered
TXN100143,4652.3,Card,bank_timeout,1,7,4,70.8,0.475,1,Recovered
TXN100144,4414.92,UPI,authentication_failed,3,17,1,3.7,0.216,0,Unrecovered
TXN100145,744.96,NetBanking,insufficient_funds,2,9,4,7.1,0.19,1,Recovered
TXN100146,9221.16,NetBanking,insufficient_funds,0,19,3,51.9,0.275,0,Unrecovered
TXN100147,7639.15,Card,upi_timeout,1,16,4,20.4,0.668,1,Recovered
TXN100148,960.94,NetBanking,upi_timeout,1,7,3,13.4,0.633,1,Recovered
TXN100149,4323.25,NetBanking,authentication_failed,0,10,4,2.9,0.336,1,Recovered
TXN100150,13642.24,Card,upi_timeout,1,4,1,1.7,0.647,1,Recovered
TXN100151,3744.76,NetBanking,insufficient_funds,1,12,3,55.8,0.175,1,Recovered
TXN100152,2343.59,Card,card_declined,0,4,0,9.8,0.561,0,Unrecovered
TXN100153,7443.39,Card,network_error,1,12,3,33.7,0.606,1,Recovered
TXN100154,14787.61,Card,card_declined,2,5,1,43.7,0.19,0,Unrecovered
TXN100155,3781.66,NetBanking,card_declined,1,4,5,30.9,0.251,0,Unrecovered
TXN100156,10147.28,UPI,insufficient_funds,0,8,3,2.0,0.335,0,Unrecovered
TXN100157,11471.73,NetBanking,card_declined,0,15,4,56.4,0.4,1,Recovered
TXN100158,3716.27,NetBanking,authentication_failed,0,1,4,0.9,0.211,0,Unrecovered
TXN100159,10977.33,UPI,bank_timeout,2,0,5,54.9,0.215,0,Unrecovered
TXN100160,5642.56,NetBanking,upi_timeout,0,7,1,64.3,0.63,0,Unrecovered
TXN100161,9557.76,UPI,bank_timeout,1,18,2,31.2,0.664,1,Recovered
TXN100162,9575.87,UPI,network_error,0,10,4,38.6,0.607,1,Recovered
TXN100163,8129.0,Card,upi_timeout,0,11,0,34.4,0.743,1,Recovered
TXN100164,1535.38,UPI,card_declined,2,11,1,28.1,0.39,0,Unrecovered
TXN100165,12562.31,NetBanking,network_error,1,6,3,63.9,0.435,0,Unrecovered
TXN100166,4946.87,NetBanking,upi_timeout,0,12,3,64.4,0.655,0,Unrecovered
TXN100167,2959.66,Card,authentication_failed,0,7,0,24.2,0.284,0,Unrecovered
TXN100168,802.51,UPI,authentication_failed,0,8,4,44.3,0.12,0,Unrecovered
TXN100169,8944.81,UPI,authentication_failed,1,6,1,66.7,0.085,0,Unrecovered
TXN100170,10227.63,Card,authentication_failed,1,14,0,69.3,0.17,0,Unrecovered
TXN100171,444.52,Wallet,card_declined,0,1,4,36.7,0.282,0,Unrecovered
TXN100172,7778.49,Card,bank_timeout,0,19,1,32.7,0.762,0,Unrecovered
TXN100173,3551.36,UPI,upi_timeout,0,11,3,20.1,0.74,1,Recovered
TXN100174,9748.2,Card,card_declined,2,0,1,69.0,0.165,0,Unrecovered
TXN100175,2779.8,Card,authentication_failed,3,7,5,10.4,0.05,0,Unrecovered
TXN100176,10425.57,NetBanking,bank_timeout,0,4,2,41.8,0.51,1,Recovered
TXN100177,5923.07,UPI,network_error,2,14,1,20.4,0.663,1,Recovered
TXN100178,14063.54,NetBanking,network_error,0,0,2,20.2,0.549,1,Recovered
TXN100179,2234.45,Card,network_error,0,0,1,29.2,0.579,1,Recovered
TXN100180,5247.12,Wallet,authentication_failed,2,9,2,71.9,0.05,0,Unrecovered
TXN100181,1878.52,UPI,network_error,2,9,5,4.1,0.58,1,Recovered
TXN100182,13885.39,Card,insufficient_funds,3,14,3,41.7,0.05,0,Unrecovered
TXN100183,13184.5,Wallet,upi_timeout,1,16,4,6.0,0.69,0,Unrecovered
TXN100184,4016.79,UPI,upi_timeout,0,5,2,11.2,0.719,1,Recovered
TXN100185,9967.42,Wallet,authentication_failed,2,2,5,31.7,0.05,0,Unrecovered
TXN100186,12294.71,Card,insufficient_funds,0,12,2,36.8,0.246,0,Unrecovered
TXN100187,8416.53,UPI,card_declined,1,15,3,18.7,0.502,1,Recovered
TXN100188,8038.36,UPI,card_declined,0,7,2,22.9,0.49,1,Recovered
TXN100189,3778.66,Card,network_error,1,14,5,6.4,0.713,1,Recovered
TXN100190,1577.01,UPI,bank_timeout,0,16,5,21.9,0.716,1,Recovered
TXN100191,13478.69,Card,card_declined,0,16,0,69.6,0.5,0,Unrecovered
TXN100192,13526.09,UPI,bank_timeout,2,12,3,68.0,0.445,1,Recovered
TXN100193,9569.53,Card,upi_timeout,0,16,0,24.2,0.829,1,Recovered
TXN100194,5216.98,UPI,bank_timeout,1,5,3,41.1,0.47,0,Unrecovered
TXN100195,5367.65,NetBanking,upi_timeout,0,16,2,65.5,0.7,1,Recovered
TXN100196,10943.87,Wallet,insufficient_funds,0,15,5,0.5,0.373,0,Unrecovered
TXN100197,13477.13,Wallet,insufficient_funds,0,13,0,58.4,0.295,0,Unrecovered
TXN100198,13328.77,Card,authentication_failed,0,12,2,68.3,0.18,0,Unrecovered
TXN100199,11741.94,UPI,authentication_failed,2,5,5,6.7,0.05,0,Unrecovered
TXN100200,9701.71,NetBanking,network_error,0,2,3,11.7,0.647,0,Unrecovered
TXN100201,1444.36,UPI,card_declined,3,13,5,69.2,0.18,0,Unrecovered
TXN100202,2591.27,UPI,network_error,1,13,2,38.7,0.622,1,Recovered
TXN100203,13498.5,UPI,upi_timeout,0,14,0,1.1,0.894,1,Recovered
TXN100204,9174.76,Card,network_error,1,7,0,18.6,0.682,0,Unrecovered
TXN100205,335.13,NetBanking,bank_timeout,1,14,5,32.5,0.582,0,Unrecovered
TXN100206,1700.88,Card,upi_timeout,2,12,2,49.9,0.52,0,Unrecovered
TXN100207,10019.49,UPI,authentication_failed,0,16,1,52.8,0.225,0,Unrecovered
TXN100208,273.92,UPI,insufficient_funds,0,2,3,71.7,0.105,0,Unrecovered
TXN100209,2579.12,Wallet,authentication_failed,2,5,3,20.8,0.05,0,Unrecovered
TXN100210,8320.81,UPI,card_declined,3,4,2,38.8,0.126,0,Unrecovered
TXN100211,10439.74,Card,upi_timeout,2,16,1,38.4,0.523,0,Unrecovered
TXN100212,9848.68,UPI,upi_timeout,0,1,0,29.3,0.618,0,Unrecovered
TXN100213,3518.41,NetBanking,bank_timeout,2,14,4,12.3,0.628,1,Recovered
TXN100214,10739.96,Card,card_declined,1,4,4,70.4,0.18,0,Unrecovered
TXN100215,3710.52,UPI,insufficient_funds,1,19,2,61.5,0.22,1,Recovered
TXN100216,5015.24,UPI,upi_timeout,0,5,1,35.9,0.62,0,Unrecovered
TXN100217,11247.82,Card,upi_timeout,1,5,1,43.5,0.47,0,Unrecovered
TXN100218,9814.22,Card,bank_timeout,0,17,3,16.4,0.793,1,Recovered
TXN100219,12768.36,UPI,network_error,0,17,0,39.2,0.704,1,Recovered
TXN100220,9932.33,Wallet,insufficient_funds,2,3,5,50.1,0.05,0,Unrecovered
TXN100221,8610.54,UPI,authentication_failed,0,16,1,37.1,0.29,0,Unrecovered
TXN100222,1585.48,UPI,card_declined,0,13,5,71.3,0.42,1,Recovered
TXN100223,5641.56,Wallet,upi_timeout,0,13,4,44.1,0.645,1,Recovered
TXN100224,4124.26,UPI,upi_timeout,3,12,5,26.8,0.431,0,Unrecovered
TXN100225,3810.29,Card,authentication_failed,1,6,0,55.6,0.11,0,Unrecovered
TXN100226,14600.53,UPI,insufficient_funds,0,11,0,12.4,0.403,1,Recovered
TXN100227,6017.24,UPI,network_error,2,14,5,27.7,0.526,0,Unrecovered
TXN100228,13402.18,Wallet,upi_timeout,2,18,2,25.0,0.565,1,Recovered
TXN100229,9540.48,UPI,insufficient_funds,0,10,1,31.1,0.32,1,Recovered
TXN100230,11963.0,NetBanking,authentication_failed,1,14,2,56.3,0.12,1,Recovered
TXN100231,7638.53,UPI,bank_timeout,2,11,5,34.9,0.456,0,Unrecovered
TXN100232,8737.75,UPI,network_error,1,2,1,57.2,0.475,0,Unrecovered
TXN100233,7488.75,UPI,card_declined,0,16,3,41.5,0.475,1,Recovered
TXN100234,3088.79,Card,upi_timeout,2,2,2,24.7,0.446,1,Recovered
TXN100235,10892.01,UPI,insufficient_funds,1,18,2,58.3,0.17,1,Recovered
TXN100236,4354.71,NetBanking,bank_timeout,0,19,5,17.2,0.739,0,Unrecovered
TXN100237,558.9,Card,card_declined,0,3,4,16.2,0.414,1,Recovered
TXN100238,9752.64,Wallet,insufficient_funds,0,2,5,36.4,0.073,0,Unrecovered
TXN100239,2820.42,UPI,insufficient_funds,0,15,2,18.9,0.406,0,Unrecovered
TXN100240,14118.73,NetBanking,card_declined,2,11,1,0.8,0.476,0,Unrecovered
TXN100241,14318.1,NetBanking,bank_timeout,0,7,4,46.7,0.505,1,Recovered
TXN100242,13739.91,NetBanking,authentication_failed,0,16,5,36.8,0.141,0,Unrecovered
TXN100243,5677.72,NetBanking,bank_timeout,1,6,5,32.1,0.475,1,Recovered
TXN100244,427.77,NetBanking,network_error,0,10,2,69.6,0.65,0,Unrecovered
TXN100245,13939.04,Card,upi_timeout,3,17,2,41.2,0.41,0,Unrecovered
TXN100246,6536.55,UPI,card_declined,0,0,3,62.2,0.275,0,Unrecovered
TXN100247,14506.46,UPI,authentication_failed,0,2,5,10.1,0.105,0,Unrecovered
TXN100248,14461.54,Wallet,card_declined,0,3,2,41.0,0.295,0,Unrecovered
TXN100249,12824.39,Card,card_declined,0,12,0,62.5,0.48,1,Recovered
TXN100250,4557.14,NetBanking,bank_timeout,0,5,4,42.0,0.525,0,Unrecovered
TXN100251,5898.83,Card,upi_timeout,1,13,0,51.7,0.665,0,Unrecovered
TXN100252,12796.67,UPI,network_error,3,4,4,26.8,0.286,0,Unrecovered
TXN100253,4889.76,UPI,insufficient_funds,0,15,5,6.7,0.392,0,Unrecovered
TXN100254,2707.66,Card,insufficient_funds,1,14,3,33.0,0.23,0,Unrecovered
TXN100255,8440.22,UPI,card_declined,1,14,2,28.5,0.478,0,Unrecovered
TXN100256,14055.03,UPI,upi_timeout,2,3,2,62.4,0.335,1,Recovered
TXN100257,10500.94,Card,authentication_failed,0,7,2,17.6,0.217,0,Unrecovered
TXN100258,8636.48,UPI,bank_timeout,0,15,5,69.6,0.625,0,Unrecovered
TXN100259,1637.31,Card,upi_timeout,0,15,4,69.0,0.65,1,Recovered
TXN100260,9301.72,UPI,upi_timeout,1,3,2,17.9,0.576,0,Unrecovered
TXN100261,14852.79,NetBanking,bank_timeout,2,12,0,25.1,0.594,1,Recovered
TXN100262,2272.38,UPI,card_declined,0,12,2,64.5,0.48,1,Recovered
TXN100263,7870.8,Card,upi_timeout,0,1,5,69.6,0.44,0,Unrecovered
TXN100264,13185.0,UPI,insufficient_funds,2,2,3,32.0,0.05,0,Unrecovered
TXN100265,11163.12,UPI,bank_timeout,2,7,0,23.2,0.529,1,Recovered
TXN100266,10515.53,UPI,authentication_failed,3,14,2,37.9,0.05,0,Unrecovered
TXN100267,10596.47,Card,network_error,2,10,2,49.6,0.44,0,Unrecovered
TXN100268,5519.83,Card,card_declined,0,8,1,19.8,0.546,1,Recovered
TXN100269,4544.45,UPI,bank_timeout,1,6,4,53.1,0.46,1,Recovered
TXN100270,12178.35,Card,network_error,1,12,0,3.8,0.781,1,Recovered
TXN100271,12189.49,NetBanking,network_error,0,1,1,3.6,0.672,1,Recovered
TXN100272,13032.54,NetBanking,authentication_failed,1,7,3,27.9,0.061,0,Unrecovered
TXN100273,13715.87,UPI,upi_timeout,1,6,4,25.5,0.482,0,Unrecovered
TXN100274,7767.38,Card,authentication_failed,0,11,0,22.8,0.351,1,Recovered
TXN100275,7621.94,UPI,upi_timeout,2,18,2,35.4,0.563,0,Unrecovered
TXN100276,12014.57,UPI,upi_timeout,1,6,0,23.2,0.594,1,Recovered
TXN100277,9819.12,Wallet,bank_timeout,3,9,2,13.9,0.526,0,Unrecovered
TXN100278,10588.81,UPI,bank_timeout,0,15,4,22.4,0.688,1,Recovered
TXN100279,11977.53,Card,card_declined,0,2,2,70.2,0.28,0,Unrecovered
TXN100280,13371.97,Card,upi_timeout,1,9,3,29.7,0.532,1,Recovered
TXN100281,5201.67,Card,network_error,0,5,5,32.1,0.54,1,Recovered
TXN100282,5758.0,Card,insufficient_funds,1,17,2,41.6,0.22,0,Unrecovered
TXN100283,1590.03,UPI,card_declined,2,17,3,70.8,0.315,1,Recovered
TXN100284,8758.12,UPI,bank_timeout,0,4,5,17.5,0.598,0,Unrecovered
TXN100285,730.98,Card,authentication_failed,1,6,4,49.1,0.05,0,Unrecovered
TXN100286,7090.32,UPI,card_declined,1,1,4,51.6,0.185,0,Unrecovered
TXN100287,8230.68,UPI,card_declined,0,10,0,43.8,0.5,1,Recovered
TXN100288,4440.1,UPI,card_declined,3,12,3,6.5,0.383,1,Recovered
TXN100289,8943.92,UPI,card_declined,2,4,3,48.8,0.175,1,Recovered
TXN100290,650.43,UPI,insufficient_funds,1,5,1,4.7,0.296,0,Unrecovered
TXN100291,751.79,UPI,authentication_failed,1,13,1,43.0,0.19,0,Unrecovered
TXN100292,12374.31,Card,authentication_failed,1,11,5,53.3,0.05,0,Unrecovered
TXN100293,5530.18,Card,authentication_failed,2,3,5,15.3,0.05,0,Unrecovered
TXN100294,2079.62,NetBanking,upi_timeout,1,5,1,60.6,0.52,1,Recovered
TXN100295,7928.72,UPI,network_error,1,9,5,2.3,0.669,1,Recovered
TXN100296,11595.67,UPI,authentication_failed,2,17,2,60.8,0.05,0,Unrecovered
TXN100297,3393.37,UPI,card_declined,0,14,1,33.2,0.559,1,Recovered
TXN100298,9418.4,Card,card_declined,2,7,3,15.7,0.342,0,Unrecovered
TXN100299,1462.23,Card,authentication_failed,0,8,2,9.7,0.322,1,Recovered
TXN100300,963.94,UPI,authentication_failed,0,4,5,68.6,0.05,0,Unrecovered
TXN100301,8063.58,Wallet,card_declined,0,9,4,5.3,0.559,0,Unrecovered
TXN100302,8200.94,UPI,upi_timeout,3,19,0,14.4,0.638,1,Recovered
TXN100303,9633.6,Card,bank_timeout,2,5,1,25.1,0.514,0,Unrecovered
TXN100304,10945.88,Card,bank_timeout,1,15,4,44.7,0.52,1,Recovered
TXN100305,14642.59,NetBanking,authentication_failed,1,2,5,39.3,0.05,0,Unrecovered
TXN100306,7840.76,Card,insufficient_funds,1,9,3,9.1,0.285,0,Unrecovered
TXN100307,4979.08,NetBanking,authentication_failed,3,10,0,20.9,0.106,0,Unrecovered
TXN100308,11968.55,UPI,authentication_failed,1,10,4,17.3,0.134,1,Recovered
TXN100309,4207.59,NetBanking,bank_timeout,0,16,0,15.5,0.872,1,Recovered
TXN100310,6696.22,UPI,card_declined,0,3,1,29.7,0.422,0,Unrecovered
TXN100311,1360.23,NetBanking,authentication_failed,2,3,5,50.7,0.05,0,Unrecovered
TXN100312,574.22,Card,card_declined,1,16,3,15.7,0.517,1,Recovered
TXN100313,14447.16,NetBanking,card_declined,0,8,5,26.5,0.363,0,Unrecovered
TXN100314,12572.34,Card,insufficient_funds,0,18,0,28.2,0.359,0,Unrecovered
TXN100315,10500.11,Card,card_declined,2,4,4,70.3,0.1,0,Unrecovered
TXN100316,6251.91,Card,bank_timeout,0,5,1,68.7,0.6,1,Recovered
TXN100317,2763.93,Card,upi_timeout,1,2,1,57.6,0.475,0,Unrecovered
TXN100318,2514.42,UPI,upi_timeout,3,0,5,17.5,0.298,0,Unrecovered
TXN100319,3902.85,UPI,network_error,0,19,4,5.0,0.825,0,Unrecovered
TXN100320,8328.1,UPI,authentication_failed,0,15,4,22.9,0.286,0,Unrecovered
TXN100321,10775.73,UPI,bank_timeout,1,10,0,19.3,0.674,0,Unrecovered
TXN100322,9970.58,NetBanking,card_declined,2,12,5,36.5,0.262,0,Unrecovered
TXN100323,4342.3,UPI,upi_timeout,1,9,5,56.0,0.48,1,Recovered
TXN100324,14331.96,Wallet,bank_timeout,3,2,2,61.8,0.24,0,Unrecovered
TXN100325,11120.61,UPI,upi_timeout,0,8,5,60.8,0.495,1,Recovered
TXN100326,8403.99,UPI,card_declined,1,11,1,26.0,0.48,1,Recovered
TXN100327,9253.08,NetBanking,upi_timeout,1,13,0,49.5,0.665,1,Recovered
TXN100328,6409.5,Card,authentication_failed,2,0,4,22.6,0.05,0,Unrecovered
TXN100329,3865.67,Card,authentication_failed,0,17,5,4.5,0.352,1,Recovered
TXN100330,5467.75,Card,network_error,2,16,0,50.5,0.59,0,Unrecovered
TXN100331,11415.88,Card,network_error,1,8,5,0.8,0.611,0,Unrecovered
TXN100332,412.04,UPI,upi_timeout,0,8,4,29.5,0.622,0,Unrecovered
TXN100333,1916.99,Wallet,bank_timeout,0,9,3,23.8,0.691,1,Recovered
TXN100334,879.89,Wallet,authentication_failed,2,18,4,50.0,0.05,0,Unrecovered
TXN100335,801.83,Card,bank_timeout,0,14,4,55.2,0.65,1,Recovered
TXN100336,12860.67,UPI,bank_timeout,0,4,4,22.0,0.55,1,Recovered
TXN100337,10613.84,Card,upi_timeout,0,14,5,58.5,0.575,0,Unrecovered
TXN100338,7217.25,UPI,bank_timeout,2,19,2,21.2,0.634,1,Recovered
TXN100339,1647.04,UPI,authentication_failed,1,1,4,32.2,0.05,0,Unrecovered
TXN100340,7475.41,UPI,card_declined,2,12,1,52.4,0.345,0,Unrecovered
TXN100341,7206.86,Card,network_error,0,15,1,49.9,0.725,1,Recovered
TXN100342,2762.56,NetBanking,card_declined,1,14,0,71.1,0.47,0,Unrecovered
TXN100343,6620.44,Card,bank_timeout,1,9,2,16.3,0.674,0,Unrecovered
TXN100344,6097.27,Card,card_declined,2,13,0,47.7,0.385,0,Unrecovered
TXN100345,9314.2,UPI,authentication_failed,2,9,1,43.9,0.05,0,Unrecovered
TXN100346,9599.02,UPI,authentication_failed,0,13,1,65.9,0.27,0,Unrecovered
TXN100347,869.54,UPI,bank_timeout,1,8,3,11.3,0.658,1,Recovered
TXN100348,5743.64,Wallet,upi_timeout,0,13,4,54.2,0.645,1,Recovered
TXN100349,9462.35,UPI,card_declined,1,2,1,41.0,0.275,0,Unrecovered
TXN100350,7645.92,NetBanking,upi_timeout,0,19,5,19.8,0.726,1,Recovered
TXN100351,12875.91,Card,upi_timeout,0,15,5,34.2,0.604,0,Unrecovered
TXN100352,9948.32,UPI,insufficient_funds,0,1,0,24.1,0.245,0,Unrecovered
TXN100353,2610.59,Card,bank_timeout,1,9,0,41.8,0.605,1,Recovered
TXN100354,1243.49,Card,network_error,0,2,4,64.0,0.48,0,Unrecovered
TXN100355,9707.45,NetBanking,authentication_failed,1,10,4,41.0,0.07,0,Unrecovered
TXN100356,591.39,Wallet,authentication_failed,0,10,3,45.5,0.175,0,Unrecovered
TXN100357,8869.06,UPI,bank_timeout,0,12,2,37.4,0.693,1,Recovered
TXN100358,14115.35,UPI,network_error,2,6,0,3.8,0.611,1,Recovered
TXN100359,8716.59,Card,authentication_failed,0,16,4,16.8,0.316,0,Unrecovered
TXN100360,5944.3,Wallet,bank_timeout,0,1,0,35.5,0.588,1,Recovered
TXN100361,9720.31,UPI,authentication_failed,1,11,4,22.4,0.173,0,Unrecovered
TXN100362,6981.6,Card,upi_timeout,0,9,1,13.2,0.794,0,Unrecovered
TXN100363,8274.67,Card,card_declined,0,17,0,36.3,0.568,0,Unrecovered
TXN100364,14133.62,Card,card_declined,0,10,1,23.3,0.508,0,Unrecovered
TXN100365,5913.71,UPI,authentication_failed,3,15,0,18.7,0.166,1,Recovered
TXN100366,14425.58,Card,insufficient_funds,1,16,2,33.5,0.202,0,Unrecovered
TXN100367,13599.09,Wallet,network_error,1,18,3,9.7,0.696,1,Recovered
TXN100368,3096.9,UPI,network_error,1,17,5,66.8,0.545,0,Unrecovered
TXN100369,1225.62,UPI,network_error,0,2,5,62.5,0.455,1,Recovered
TXN100370,1690.62,Wallet,upi_timeout,0,15,5,51.0,0.625,0,Unrecovered
TXN100371,468.7,UPI,network_error,2,5,1,7.7,0.601,1,Recovered
TXN100372,1596.85,NetBanking,card_declined,0,11,4,55.9,0.415,0,Unrecovered
TXN100373,10308.18,Card,upi_timeout,0,10,5,58.2,0.525,0,Unrecovered
TXN100374,1252.66,UPI,bank_timeout,0,14,2,55.3,0.7,0,Unrecovered
TXN100375,4920.16,NetBanking,network_error,0,14,5,8.3,0.784,0,Unrecovered
TXN100376,12704.0,UPI,network_error,3,15,0,46.4,0.46,0,Unrecovered
TXN100377,543.45,Card,bank_timeout,0,9,1,60.1,0.66,1,Recovered
TXN100378,12253.95,UPI,network_error,1,11,0,41.6,0.585,1,Recovered
TXN100379,4370.73,Card,bank_timeout,0,12,0,46.6,0.73,0,Unrecovered
TXN100380,1947.96,UPI,upi_timeout,3,3,0,33.1,0.39,0,Unrecovered
TXN100381,10511.41,UPI,card_declined,0,6,3,38.1,0.324,0,Unrecovered
TXN100382,9507.98,Wallet,bank_timeout,0,1,3,2.6,0.677,0,Unrecovered
TXN100383,13186.46,UPI,insufficient_funds,1,14,4,46.0,0.12,0,Unrecovered
TXN100384,11078.79,Card,bank_timeout,1,7,1,6.0,0.67,0,Unrecovered
TXN100385,12091.32,UPI,network_error,0,6,2,31.4,0.583,1,Recovered
TXN100386,4373.39,NetBanking,upi_timeout,0,14,2,21.1,0.794,0,Unrecovered
TXN100387,2825.28,UPI,authentication_failed,0,13,2,39.3,0.249,0,Unrecovered
TXN100388,11308.85,Wallet,upi_timeout,0,7,0,9.7,0.756,0,Unrecovered
TXN100389,12140.96,Card,authentication_failed,0,11,3,49.8,0.14,1,Recovered
TXN100390,14859.47,UPI,bank_timeout,1,12,1,57.3,0.575,1,Recovered
TXN100391,6306.15,UPI,card_declined,0,10,0,11.8,0.641,1,Recovered
TXN100392,5705.24,UPI,insufficient_funds,0,16,3,7.6,0.437,0,Unrecovered
TXN100393,11690.69,Card,upi_timeout,1,16,3,10.6,0.692,1,Recovered
TXN100394,5243.23,UPI,network_error,3,3,5,63.2,0.23,1,Recovered
TXN100395,13975.14,NetBanking,authentication_failed,1,7,5,38.1,0.05,0,Unrecovered
TXN100396,12904.37,UPI,network_error,0,4,1,33.7,0.566,0,Unrecovered
TXN100397,6548.54,UPI,card_declined,0,15,1,7.8,0.686,1,Recovered
TXN100398,11312.64,Card,authentication_failed,3,3,1,46.8,0.05,0,Unrecovered
TXN100399,11366.99,Card,upi_timeout,0,14,0,62.5,0.7,0,Unrecovered
TXN100400,1725.34,UPI,bank_timeout,0,11,4,59.6,0.615,1,Recovered
TXN100401,13557.69,UPI,network_error,1,4,1,45.1,0.455,0,Unrecovered
TXN100402,7677.24,UPI,card_declined,1,15,5,5.5,0.518,1,Recovered
TXN100403,12431.4,Card,upi_timeout,1,13,4,8.2,0.674,1,Recovered
TXN100404,4936.05,Card,upi_timeout,0,9,0,3.6,0.867,1,Recovered
TXN100405,13453.64,Card,upi_timeout,0,6,4,18.6,0.597,1,Recovered
TXN100406,5959.57,NetBanking,upi_timeout,3,12,2,9.9,0.59,1,Recovered
TXN100407,359.41,NetBanking,authentication_failed,0,19,4,18.8,0.306,0,Unrecovered
TXN100408,13599.56,Card,upi_timeout,1,4,1,27.8,0.516,0,Unrecovered
TXN100409,1550.13,NetBanking,network_error,1,2,0,67.9,0.5,1,Recovered
TXN100410,4925.16,UPI,card_declined,1,14,1,44.0,0.445,0,Unrecovered
TXN100411,14260.87,UPI,authentication_failed,0,3,5,60.1,0.05,0,Unrecovered
TXN100412,14268.94,UPI,upi_timeout,0,14,2,51.2,0.65,0,Unrecovered
TXN100413,8686.45,UPI,insufficient_funds,1,13,5,8.2,0.299,0,Unrecovered
TXN100414,9550.82,Card,insufficient_funds,2,19,1,53.0,0.165,0,Unrecovered
TXN100415,6836.44,Wallet,card_declined,3,18,1,19.9,0.386,1,Recovered
TXN100416,4538.81,UPI,bank_timeout,0,12,1,46.1,0.705,0,Unrecovered
TXN100417,5063.56,UPI,bank_timeout,0,9,3,24.6,0.687,1,Recovered
TXN100418,10152.95,Card,authentication_failed,3,4,2,71.8,0.05,0,Unrecovered
TXN100419,11334.9,Wallet,authentication_failed,1,19,1,19.0,0.25,0,Unrecovered
TXN100420,11915.16,UPI,authentication_failed,2,19,1,20.2,0.164,0,Unrecovered
TXN100421,11886.14,Card,bank_timeout,0,5,5,67.0,0.45,0,Unrecovered
TXN100422,1548.94,UPI,insufficient_funds,1,3,5,1.9,0.18,0,Unrecovered
TXN100423,7516.91,UPI,bank_timeout,1,1,1,50.2,0.46,1,Recovered
TXN100424,1050.93,Wallet,network_error,1,15,0,52.3,0.67,1,Recovered
TXN100425,8332.58,Wallet,upi_timeout,0,17,3,60.2,0.675,1,Recovered
TXN100426,6734.09,UPI,authentication_failed,0,4,5,70.2,0.05,0,Unrecovered
TXN100427,13337.91,Wallet,insufficient_funds,1,3,0,70.2,0.065,0,Unrecovered
TXN100428,5392.89,Card,card_declined,0,12,3,4.8,0.631,1,Recovered
TXN100429,1931.71,NetBanking,card_declined,1,18,1,59.2,0.445,0,Unrecovered
TXN100430,2315.42,Card,upi_timeout,3,1,2,46.6,0.275,1,Recovered
TXN100431,11470.12,Card,insufficient_funds,0,12,4,46.6,0.18,0,Unrecovered
TXN100432,9349.25,Card,bank_timeout,2,10,4,9.3,0.594,0,Unrecovered
TXN100433,1695.72,Card,bank_timeout,0,3,1,46.8,0.57,0,Unrecovered
TXN100434,1443.86,UPI,network_error,1,19,5,70.7,0.545,1,Recovered
TXN100435,10574.04,UPI,network_error,3,19,0,65.7,0.46,0,Unrecovered
TXN100436,1275.97,UPI,bank_timeout,0,14,2,31.7,0.741,1,Recovered
TXN100437,12363.35,Card,card_declined,0,3,3,3.0,0.455,1,Recovered
TXN100438,10652.09,UPI,authentication_failed,0,8,1,26.1,0.215,1,Recovered
TXN100439,1403.04,Card,card_declined,0,6,2,59.5,0.39,1,Recovered
TXN100440,1454.68,Wallet,network_error,1,18,2,50.5,0.62,1,Recovered
TXN100441,14802.25,UPI,upi_timeout,2,18,5,33.1,0.449,1,Recovered
TXN100442,5738.58,Card,bank_timeout,0,5,3,4.1,0.73,1,Recovered
TXN100443,5684.87,UPI,network_error,0,5,2,30.8,0.621,1,Recovered
TXN100444,12229.25,NetBanking,network_error,0,19,5,33.8,0.606,1,Recovered
TXN100445,14219.23,UPI,authentication_failed,1,14,0,66.9,0.17,0,Unrecovered
TXN100446,14792.8,Card,bank_timeout,0,14,5,46.2,0.575,0,Unrecovered
TXN100447,11349.75,NetBanking,authentication_failed,1,19,0,22.5,0.258,0,Unrecovered
TXN100448,5768.02,Wallet,bank_timeout,1,8,0,37.9,0.6,1,Recovered
TXN100449,1434.89,Card,authentication_failed,1,3,2,4.8,0.191,0,Unrecovered
TXN100450,11701.55,Card,card_declined,0,17,5,70.0,0.375,1,Recovered
TXN100451,8463.94,Card,upi_timeout,1,17,0,26.0,0.74,0,Unrecovered
TXN100452,6477.91,NetBanking,upi_timeout,0,4,3,34.5,0.563,1,Recovered
TXN100453,13613.95,Card,bank_timeout,0,19,2,25.6,0.722,1,Recovered
TXN100454,1844.83,UPI,insufficient_funds,2,10,5,49.2,0.05,0,Unrecovered
TXN100455,7490.34,Wallet,network_error,1,4,5,47.7,0.405,1,Recovered
TXN100456,367.05,Card,network_error,0,3,4,51.5,0.495,1,Recovered
TXN100457,7135.65,Card,bank_timeout,0,11,5,19.4,0.693,1,Recovered
TXN100458,1032.34,UPI,authentication_failed,0,1,2,22.8,0.151,0,Unrecovered
TXN100459,1957.62,Card,insufficient_funds,0,12,3,9.1,0.41,0,Unrecovered
TXN100460,1938.51,UPI,card_declined,0,9,5,47.2,0.36,1,Recovered
TXN100461,9807.96,Card,authentication_failed,0,8,4,3.0,0.305,0,Unrecovered
TXN100462,11241.21,UPI,authentication_failed,1,9,2,43.1,0.055,0,Unrecovered
TXN100463,8833.44,Card,bank_timeout,1,6,0,62.6,0.56,1,Recovered
TXN100464,14440.12,Wallet,bank_timeout,1,3,1,64.2,0.44,0,Unrecovered
TXN100465,5747.46,UPI,network_error,1,18,1,32.4,0.683,0,Unrecovered
TXN100466,4427.82,Wallet,bank_timeout,0,9,0,33.1,0.72,1,Recovered
TXN100467,13055.14,UPI,bank_timeout,3,2,5,5.6,0.337,1,Recovered
TXN100468,3508.44,NetBanking,bank_timeout,2,18,1,48.3,0.565,0,Unrecovered
TXN100469,14455.66,NetBanking,network_error,2,1,1,59.1,0.33,0,Unrecovered
TXN100470,378.9,Card,card_declined,2,19,0,17.7,0.501,1,Recovered
TXN100471,14554.18,Card,card_declined,3,9,5,30.4,0.118,0,Unrecovered
TXN100472,837.81,NetBanking,bank_timeout,1,1,5,60.4,0.36,1,Recovered
TXN100473,13388.81,UPI,network_error,0,1,0,63.2,0.515,1,Recovered
TXN100474,8009.5,UPI,card_declined,1,16,5,17.6,0.457,0,Unrecovered
TXN100475,14895.87,Card,authentication_failed,1,15,5,39.7,0.05,0,Unrecovered
TXN100476,1291.26,NetBanking,card_declined,1,15,2,13.9,0.55,0,Unrecovered
TXN100477,8396.6,NetBanking,card_declined,1,13,2,7.4,0.578,1,Recovered
TXN100478,14545.65,NetBanking,network_error,0,6,0,65.6,0.59,1,Recovered
TXN100479,7941.37,UPI,authentication_failed,0,10,3,59.1,0.175,0,Unrecovered
TXN100480,9514.73,NetBanking,network_error,2,0,1,54.7,0.365,0,Unrecovered
TXN100481,10496.78,UPI,bank_timeout,1,10,2,3.6,0.702,0,Unrecovered
TXN100482,6926.66,Card,upi_timeout,1,3,1,60.8,0.49,0,Unrecovered
TXN100483,9487.49,UPI,card_declined,0,6,4,31.6,0.382,1,Recovered
TXN100484,8847.44,UPI,upi_timeout,0,14,0,24.7,0.826,1,Recovered
TXN100485,13537.04,UPI,network_error,2,17,3,39.4,0.468,1,Recovered
TXN100486,871.65,UPI,network_error,1,11,4,6.7,0.702,1,Recovered
TXN100487,4357.54,Card,network_error,2,16,4,54.5,0.49,0,Unrecovered
TXN100488,14266.04,UPI,upi_timeout,1,0,5,42.0,0.295,0,Unrecovered
TXN100489,13375.79,UPI,network_error,1,10,4,13.5,0.602,0,Unrecovered
TXN100490,6943.18,UPI,bank_timeout,0,0,0,13.6,0.682,1,Recovered
TXN100491,9377.58,UPI,network_error,1,14,2,13.3,0.754,1,Recovered
TXN100492,4304.52,UPI,insufficient_funds,0,9,0,4.2,0.464,0,Unrecovered
TXN100493,2983.38,UPI,upi_timeout,0,6,2,42.4,0.59,0,Unrecovered
TXN100494,7062.2,Card,insufficient_funds,1,1,4,60.5,0.05,0,Unrecovered
TXN100495,5428.97,Card,network_error,3,9,4,1.4,0.538,1,Recovered
TXN100496,8837.69,Card,bank_timeout,0,3,3,3.6,0.702,1,Recovered
TXN100497,1349.55,Card,card_declined,2,11,2,41.3,0.305,1,Recovered
TXN100498,14621.02,UPI,authentication_failed,0,18,4,59.0,0.15,0,Unrecovered
TXN100499,14795.91,NetBanking,authentication_failed,0,10,5,23.6,0.157,0,Unrecovered
TXN100500,10532.49,Card,network_error,0,7,1,25.2,0.654,0,Unrecovered
TXN100501,8133.76,Card,bank_timeout,0,17,3,43.0,0.675,1,Recovered
TXN100502,4780.32,UPI,upi_timeout,1,10,0,19.8,0.721,1,Recovered
TXN100503,12243.98,UPI,insufficient_funds,0,10,3,2.0,0.365,1,Recovered
TXN100504,10333.71,UPI,insufficient_funds,1,12,1,53.0,0.175,1,Recovered
TXN100505,2605.89,UPI,insufficient_funds,2,2,2,45.1,0.05,0,Unrecovered
TXN100506,13681.63,Card,upi_timeout,0,11,0,41.9,0.665,0,Unrecovered
TXN100507,12373.37,Card,authentication_failed,2,2,0,53.4,0.05,0,Unrecovered
TXN100508,14256.99,Card,bank_timeout,0,9,2,48.6,0.585,0,Unrecovered
TXN100509,10940.37,NetBanking,upi_timeout,1,16,3,14.9,0.67,1,Recovered
TXN100510,9278.16,NetBanking,insufficient_funds,0,1,4,25.4,0.138,0,Unrecovered
TXN100511,6389.42,Card,network_error,0,16,3,9.2,0.829,1,Recovered
TXN100512,14004.31,Wallet,card_declined,0,15,1,9.4,0.628,1,Recovered
TXN100513,13017.61,UPI,upi_timeout,0,1,5,48.7,0.39,0,Unrecovered
TXN100514,868.28,UPI,upi_timeout,0,19,4,61.8,0.65,1,Recovered
TXN100515,589.26,UPI,bank_timeout,1,5,3,69.3,0.47,0,Unrecovered
TXN100516,5771.03,Card,bank_timeout,2,9,5,45.3,0.4,0,Unrecovered
TXN100517,12196.0,NetBanking,upi_timeout,2,9,5,13.3,0.484,1,Recovered
TXN100518,14811.67,UPI,insufficient_funds,1,7,2,7.7,0.237,0,Unrecovered
TXN100519,2425.32,Wallet,card_declined,0,0,1,58.5,0.325,0,Unrecovered
TXN100520,8992.73,UPI,bank_timeout,0,12,1,41.7,0.705,0,Unrecovered
TXN100521,5836.57,Wallet,insufficient_funds,0,8,1,44.6,0.245,1,Recovered
TXN100522,14554.7,UPI,network_error,0,9,4,56.3,0.535,0,Unrecovered
TXN100523,12663.2,UPI,bank_timeout,1,14,0,50.7,0.62,1,Recovered
TXN100524,12607.1,Card,insufficient_funds,1,4,4,60.1,0.05,0,Unrecovered
TXN100525,7136.13,UPI,insufficient_funds,0,15,3,4.1,0.454,0,Unrecovered
TXN100526,6338.74,UPI,card_declined,0,12,5,53.8,0.405,0,Unrecovered
TXN100527,4245.7,UPI,card_declined,2,19,5,61.3,0.265,0,Unrecovered
TXN100528,1033.41,NetBanking,network_error,2,17,0,20.7,0.686,0,Unrecovered
TXN100529,12997.76,Card,insufficient_funds,0,10,3,46.1,0.175,0,Unrecovered
TXN100530,12230.75,UPI,authentication_failed,2,8,0,22.7,0.097,0,Unrecovered
TXN100531,14995.82,Card,insufficient_funds,3,15,5,69.0,0.05,0,Unrecovered
TXN100532,14950.22,Card,card_declined,0,1,4,2.5,0.403,1,Recovered
TXN100533,8419.94,UPI,authentication_failed,0,1,1,41.8,0.09,0,Unrecovered
TXN100534,11580.78,UPI,bank_timeout,1,11,5,12.1,0.6,1,Recovered
TXN100535,14182.48,UPI,bank_timeout,3,7,2,51.3,0.315,0,Unrecovered
TXN100536,12774.63,UPI,upi_timeout,2,8,1,12.7,0.571,1,Recovered
TXN100537,3860.0,Card,card_declined,0,11,5,17.0,0.505,0,Unrecovered
TXN100538,6867.5,UPI,upi_timeout,0,8,4,35.6,0.592,1,Recovered
TXN100539,2110.69,Card,authentication_failed,1,9,0,65.9,0.155,1,Recovered
TXN100540,14319.91,Card,card_declined,1,1,1,15.3,0.334,0,Unrecovered
TXN100541,9170.99,UPI,network_error,0,15,4,10.5,0.798,1,Recovered
TXN100542,3583.14,Card,insufficient_funds,2,19,3,54.7,0.115,0,Unrecovered
TXN100543,10140.84,UPI,network_error,1,6,2,36.1,0.48,0,Unrecovered
TXN100544,9347.92,Wallet,authentication_failed,2,1,1,65.7,0.05,0,Unrecovered
TXN100545,5500.17,Card,card_declined,2,0,0,10.6,0.337,0,Unrecovered
TXN100546,1879.77,NetBanking,authentication_failed,1,18,3,46.5,0.145,0,Unrecovered
TXN100547,10138.95,Card,insufficient_funds,0,3,4,16.8,0.161,0,Unrecovered
TXN100548,7900.07,UPI,bank_timeout,1,1,2,11.4,0.578,1,Recovered
TXN100549,11630.08,Card,bank_timeout,0,13,0,49.2,0.695,1,Recovered
TXN100550,7897.94,Wallet,authentication_failed,1,1,4,42.8,0.05,0,Unrecovered
TXN100551,12812.14,Card,upi_timeout,0,14,4,54.4,0.6,1,Recovered
TXN100552,8367.77,NetBanking,card_declined,1,11,1,22.4,0.498,1,Recovered
TXN100553,8501.44,NetBanking,card_declined,0,4,1,32.3,0.424,1,Recovered
TXN100554,13174.35,UPI,bank_timeout,0,19,0,29.3,0.754,1,Recovered
TXN100555,6170.95,UPI,network_error,0,6,5,70.9,0.515,0,Unrecovered
TXN100556,2182.56,Card,insufficient_funds,0,9,5,21.1,0.255,0,Unrecovered
TXN100557,625.01,UPI,network_error,1,13,4,21.3,0.659,1,Recovered
TXN100558,11375.79,NetBanking,network_error,1,13,1,25.6,0.662,0,Unrecovered
TXN100559,9380.2,Wallet,authentication_failed,1,4,2,40.7,0.05,0,Unrecovered
TXN100560,10620.08,UPI,bank_timeout,0,17,2,18.2,0.759,1,Recovered
TXN100561,3351.08,UPI,bank_timeout,0,13,4,65.9,0.645,1,Recovered
TXN100562,2217.43,NetBanking,bank_timeout,0,1,1,19.2,0.644,0,Unrecovered
TXN100563,414.28,UPI,authentication_failed,0,11,0,64.5,0.265,1,Recovered
TXN100564,5388.05,NetBanking,upi_timeout,2,5,0,7.5,0.628,1,Recovered
TXN100565,8930.37,UPI,network_error,0,3,0,47.3,0.595,0,Unrecovered
TXN100566,6004.6,Card,authentication_failed,0,12,2,65.3,0.23,1,Recovered
TXN100567,6674.07,UPI,card_declined,0,3,1,12.2,0.509,1,Recovered
TXN100568,13581.45,Card,insufficient_funds,0,13,1,69.7,0.27,0,Unrecovered
TXN100569,5353.53,Card,upi_timeout,1,15,2,32.7,0.656,0,Unrecovered
TXN100570,7806.56,Card,card_declined,1,3,0,68.1,0.315,1,Recovered
TXN100571,11797.85,UPI,network_error,0,0,0,48.8,0.5,1,Recovered
TXN100572,6068.23,Card,bank_timeout,0,12,4,21.8,0.721,1,Recovered
TXN100573,9406.51,NetBanking,network_error,0,3,5,13.6,0.602,1,Recovered
TXN100574,12962.85,UPI,authentication_failed,0,19,3,21.9,0.266,0,Unrecovered
TXN100575,14252.85,UPI,insufficient_funds,0,17,5,6.8,0.341,0,Unrecovered
TXN100576,2375.83,UPI,authentication_failed,3,5,1,10.4,0.058,0,Unrecovered
TXN100577,13913.42,Card,upi_timeout,1,2,1,7.6,0.587,0,Unrecovered
TXN100578,7482.81,Card,upi_timeout,1,12,1,30.5,0.672,1,Recovered
TXN100579,4021.28,Card,insufficient_funds,0,15,5,57.3,0.225,1,Recovered
TXN100580,6994.67,UPI,card_declined,0,4,3,10.3,0.484,0,Unrecovered
TXN100581,14704.46,UPI,card_declined,1,3,4,9.5,0.318,0,Unrecovered
TXN100582,7490.24,Card,upi_timeout,1,7,5,46.4,0.45,0,Unrecovered
TXN100583,5064.85,Card,upi_timeout,1,18,3,14.3,0.724,1,Recovered
TXN100584,9573.97,Wallet,bank_timeout,0,13,0,7.1,0.91,1,Recovered
TXN100585,3753.4,UPI,card_declined,1,6,0,12.1,0.5,1,Recovered
TXN100586,1321.85,Card,insufficient_funds,0,13,1,66.5,0.32,1,Recovered
TXN100587,2106.55,UPI,card_declined,2,5,2,59.2,0.215,0,Unrecovered
TXN100588,2094.21,UPI,bank_timeout,1,11,1,25.6,0.682,1,Recovered
TXN100589,2447.31,Card,authentication_failed,1,15,2,47.3,0.17,1,Recovered
TXN100590,2253.78,Card,upi_timeout,0,16,3,38.7,0.682,1,Recovered
TXN100591,9684.59,Wallet,upi_timeout,1,12,0,48.8,0.65,1,Recovered
TXN100592,2891.01,UPI,bank_timeout,0,13,5,49.2,0.62,1,Recovered
TXN100593,5315.22,UPI,insufficient_funds,0,6,2,45.3,0.19,1,Recovered
TXN100594,13472.37,Card,upi_timeout,0,13,3,19.2,0.724,1,Recovered
TXN100595,7214.11,Card,network_error,1,14,0,2.9,0.856,1,Recovered
TXN100596,10079.52,UPI,upi_timeout,0,11,5,32.9,0.576,0,Unrecovered
TXN100597,2749.51,UPI,network_error,0,16,2,64.2,0.7,1,Recovered
TXN100598,3045.07,UPI,bank_timeout,2,8,1,41.0,0.485,0,Unrecovered
TXN100599,803.9,NetBanking,bank_timeout,0,14,1,59.9,0.725,1,Recovered
TXN100600,2699.41,UPI,upi_timeout,1,11,1,71.4,0.61,0,Unrecovered
TXN100601,4322.42,UPI,card_declined,0,1,3,11.9,0.431,0,Unrecovered
TXN100602,2818.93,UPI,network_error,0,4,1,49.8,0.585,0,Unrecovered
TXN100603,1511.89,UPI,insufficient_funds,2,12,4,48.6,0.07,0,Unrecovered
TXN100604,1984.53,UPI,upi_timeout,0,19,0,70.6,0.75,1,Recovered
TXN100605,7018.99,Card,insufficient_funds,1,7,3,71.0,0.1,1,Recovered
TXN100606,3252.95,UPI,upi_timeout,1,13,5,49.5,0.54,1,Recovered
TXN100607,5590.56,NetBanking,card_declined,1,14,1,17.6,0.557,1,Recovered
TXN100608,7650.08,UPI,card_declined,1,10,0,57.5,0.42,0,Unrecovered
TXN100609,10417.53,Card,card_declined,0,0,2,7.8,0.411,0,Unrecovered
TXN100610,780.86,NetBanking,authentication_failed,0,2,1,56.2,0.105,0,Unrecovered
TXN100611,12031.07,Card,card_declined,1,16,0,65.5,0.42,0,Unrecovered
TXN100612,9492.55,Card,bank_timeout,1,18,4,27.6,0.632,1,Recovered
TXN100613,1409.12,UPI,bank_timeout,2,13,2,45.4,0.535,0,Unrecovered
TXN100614,13128.84,UPI,authentication_failed,2,7,4,31.0,0.05,0,Unrecovered
TXN100615,13828.83,Card,network_error,2,12,5,31.6,0.437,1,Recovered
TXN100616,1103.01,Wallet,insufficient_funds,1,19,0,22.4,0.358,0,Unrecovered
TXN100617,4297.07,Card,upi_timeout,0,2,4,54.9,0.48,0,Unrecovered
TXN100618,12131.59,Card,upi_timeout,2,4,5,67.4,0.275,0,Unrecovered
TXN100619,11273.99,Card,authentication_failed,1,8,0,67.7,0.09,0,Unrecovered
TXN100620,2930.1,Card,bank_timeout,0,5,0,12.7,0.762,1,Recovered
TXN100621,3297.58,UPI,upi_timeout,2,1,4,63.0,0.305,1,Recovered
TXN100622,5682.36,Card,bank_timeout,2,12,0,53.1,0.57,0,Unrecovered
TXN100623,7370.42,Wallet,network_error,1,4,1,18.3,0.614,0,Unrecovered
TXN100624,9349.79,UPI,insufficient_funds,0,7,0,4.9,0.43,0,Unrecovered
TXN100625,5659.29,Card,network_error,0,0,3,19.4,0.578,0,Unrecovered
TXN100626,7044.98,UPI,authentication_failed,2,19,5,65.7,0.05,0,Unrecovered
TXN100627,11262.32,Card,card_declined,2,11,0,45.6,0.305,0,Unrecovered
TXN100628,741.95,UPI,card_declined,0,10,3,51.9,0.425,1,Recovered
TXN100629,3935.32,Card,card_declined,0,6,0,18.6,0.547,0,Unrecovered
TXN100630,10757.29,NetBanking,network_error,2,14,0,51.8,0.54,1,Recovered
TXN100631,13448.96,UPI,upi_timeout,0,10,4,2.1,0.74,1,Recovered
TXN100632,7772.34,Card,insufficient_funds,1,15,1,27.1,0.31,0,Unrecovered
TXN100633,8074.81,NetBanking,card_declined,3,2,5,45.2,0.05,0,Unrecovered
TXN100634,1785.25,Wallet,authentication_failed,0,19,1,10.6,0.422,0,Unrecovered
TXN100635,6821.15,UPI,authentication_failed,1,13,2,59.3,0.165,1,Recovered
TXN100636,8082.27,UPI,card_declined,0,2,4,17.0,0.395,0,Unrecovered
TXN100637,3787.81,UPI,card_declined,0,0,4,47.0,0.25,0,Unrecovered
TXN100638,4184.07,Wallet,insufficient_funds,2,14,1,29.2,0.219,0,Unrecovered
TXN100639,5783.18,Wallet,card_declined,0,0,4,43.0,0.25,0,Unrecovered
TXN100640,496.07,Card,insufficient_funds,3,16,1,7.8,0.246,0,Unrecovered
TXN100641,4966.09,NetBanking,authentication_failed,1,1,4,1.3,0.129,0,Unrecovered
TXN100642,3328.64,Card,card_declined,0,19,0,65.5,0.55,0,Unrecovered
TXN100643,5046.29,Card,network_error,0,5,1,19.5,0.702,0,Unrecovered
TXN100644,1971.6,UPI,network_error,0,7,1,59.0,0.63,0,Unrecovered
TXN100645,13379.69,NetBanking,authentication_failed,0,15,3,72.0,0.175,1,Recovered
TXN100646,8984.76,UPI,insufficient_funds,0,18,4,15.3,0.374,0,Unrecovered
TXN100647,10250.39,NetBanking,network_error,0,0,4,19.2,0.504,0,Unrecovered
TXN100648,11879.52,NetBanking,insufficient_funds,1,2,1,47.8,0.05,0,Unrecovered
TXN100649,7576.44,Card,network_error,1,2,0,69.5,0.5,0,Unrecovered
TXN100650,1485.51,UPI,network_error,1,4,0,65.9,0.53,1,Recovered
TXN100651,8148.71,UPI,insufficient_funds,1,11,5,36.3,0.128,0,Unrecovered
TXN100652,8884.84,UPI,upi_timeout,0,11,0,57.3,0.715,1,Recovered
TXN100653,11232.25,UPI,network_error,0,19,4,9.9,0.75,0,Unrecovered
TXN100654,6587.99,UPI,card_declined,1,12,3,70.4,0.375,0,Unrecovered
TXN100655,2087.32,Wallet,authentication_failed,1,19,1,69.4,0.195,0,Unrecovered
TXN100656,4399.17,Card,upi_timeout,0,8,2,11.9,0.76,1,Recovered
TXN100657,5572.98,UPI,insufficient_funds,2,6,3,21.6,0.097,0,Unrecovered
TXN100658,9759.22,UPI,upi_timeout,2,3,2,7.3,0.548,1,Recovered
TXN100659,8647.09,UPI,bank_timeout,1,18,3,19.6,0.697,1,Recovered
TXN100660,5469.59,Card,bank_timeout,0,18,0,58.8,0.75,1,Recovered
TXN100661,14800.41,Card,network_error,2,5,4,27.3,0.378,0,Unrecovered
TXN100662,9165.07,Wallet,network_error,1,12,2,6.5,0.768,0,Unrecovered
TXN100663,3710.19,Card,card_declined,2,10,3,24.7,0.341,1,Recovered
TXN100664,1705.48,Wallet,authentication_failed,2,12,4,70.7,0.05,0,Unrecovered
TXN100665,2461.47,NetBanking,upi_timeout,2,12,2,45.4,0.52,1,Recovered
TXN100666,3839.42,UPI,bank_timeout,1,19,1,30.0,0.695,1,Recovered
TXN100667,2577.25,Wallet,network_error,0,14,3,12.1,0.814,1,Recovered
TXN100668,2960.38,UPI,authentication_failed,1,12,1,71.0,0.175,0,Unrecovered
TXN100669,4418.69,NetBanking,upi_timeout,1,10,0,59.1,0.62,1,Recovered
TXN100670,2765.1,UPI,network_error,1,18,1,20.3,0.743,0,Unrecovered
TXN100671,13472.03,NetBanking,network_error,0,7,1,5.1,0.754,1,Recovered
TXN100672,1386.54,NetBanking,bank_timeout,0,19,5,4.2,0.804,1,Recovered
TXN100673,7962.29,NetBanking,bank_timeout,2,7,3,8.8,0.576,1,Recovered
TXN100674,6273.28,NetBanking,network_error,1,9,0,41.9,0.605,0,Unrecovered
TXN100675,14739.19,UPI,insufficient_funds,2,15,1,66.9,0.115,0,Unrecovered
TXN100676,1857.29,UPI,network_error,2,18,4,35.8,0.511,0,Unrecovered
TXN100677,6087.66,UPI,authentication_failed,1,10,2,60.7,0.12,0,Unrecovered
TXN100678,14548.13,UPI,network_error,1,12,1,32.2,0.614,1,Recovered
TXN100679,13009.37,Card,card_declined,2,8,0,51.0,0.26,1,Recovered
TXN100680,12292.48,UPI,card_declined,1,19,1,52.7,0.395,1,Recovered
TXN100681,4016.22,Wallet,card_declined,1,18,2,12.6,0.557,1,Recovered
TXN100682,2728.31,Card,insufficient_funds,0,15,0,26.1,0.42,1,Recovered
TXN100683,10095.59,NetBanking,insufficient_funds,1,6,3,45.9,0.05,0,Unrecovered
TXN100684,13954.69,UPI,network_error,1,18,0,5.2,0.794,1,Recovered
TXN100685,8439.65,NetBanking,card_declined,0,11,3,26.1,0.51,0,Unrecovered
TXN100686,8659.44,Wallet,insufficient_funds,0,14,0,38.6,0.357,0,Unrecovered
TXN100687,4342.97,Card,bank_timeout,0,13,2,71.7,0.695,0,Unrecovered
TXN100688,11588.26,Card,network_error,0,10,2,34.2,0.629,1,Recovered
TXN100689,2967.43,NetBanking,authentication_failed,0,9,0,58.8,0.235,0,Unrecovered
TXN100690,4989.78,UPI,upi_timeout,0,10,1,31.2,0.719,0,Unrecovered
TXN100691,6495.88,Card,network_error,2,5,2,57.4,0.415,1,Recovered
TXN100692,7712.14,UPI,upi_timeout,1,1,3,42.9,0.41,0,Unrecovered
TXN100693,3786.91,UPI,card_declined,0,10,3,63.8,0.425,0,Unrecovered
TXN100694,1898.7,UPI,upi_timeout,0,18,4,29.6,0.702,1,Recovered
TXN100695,9236.79,UPI,card_declined,1,5,5,43.5,0.22,0,Unrecovered
TXN100696,4471.02,UPI,bank_timeout,0,13,5,45.4,0.62,0,Unrecovered
TXN100697,8801.91,UPI,upi_timeout,2,19,5,30.1,0.514,0,Unrecovered
TXN100698,2483.72,Wallet,network_error,1,5,3,10.5,0.618,1,Recovered
TXN100699,7320.35,Card,card_declined,2,16,4,6.8,0.456,0,Unrecovered
TXN100700,8081.86,Wallet,network_error,0,9,5,1.3,0.754,1,Recovered
TXN100701,966.04,UPI,insufficient_funds,1,0,5,62.9,0.05,0,Unrecovered
TXN100702,5181.08,UPI,card_declined,0,2,0,17.1,0.495,0,Unrecovered
TXN100703,2188.47,Card,upi_timeout,3,7,0,15.3,0.538,1,Recovered
TXN100704,1137.01,UPI,card_declined,1,7,0,53.0,0.375,0,Unrecovered
TXN100705,14851.4,UPI,network_error,0,19,1,23.1,0.759,1,Recovered
TXN100706,4970.16,Card,bank_timeout,0,14,5,36.5,0.642,1,Recovered
TXN100707,12185.95,UPI,card_declined,0,6,1,11.8,0.506,1,Recovered
TXN100708,3967.94,Card,upi_timeout,1,10,4,69.1,0.52,0,Unrecovered
TXN100709,10285.92,Card,insufficient_funds,0,6,3,61.3,0.115,1,Recovered
TXN100710,11451.13,UPI,authentication_failed,1,3,5,62.2,0.05,0,Unrecovered
TXN100711,9015.05,UPI,bank_timeout,0,11,3,29.3,0.694,1,Recovered
TXN100712,7178.8,NetBanking,insufficient_funds,1,5,0,54.9,0.145,0,Unrecovered
TXN100713,6294.66,Card,card_declined,2,13,5,10.4,0.408,1,Recovered
TXN100714,5362.6,UPI,network_error,2,11,2,0.7,0.702,1,Recovered
TXN100715,13956.96,Wallet,network_error,2,10,1,1.5,0.658,0,Unrecovered
TXN100716,12493.0,UPI,upi_timeout,0,18,1,42.3,0.675,1,Recovered
TXN100717,14482.36,Card,network_error,0,4,5,32.8,0.471,0,Unrecovered
TXN100718,2038.72,Wallet,bank_timeout,1,13,0,37.3,0.679,0,Unrecovered
TXN100719,11016.57,UPI,network_error,0,15,1,0.6,0.872,0,Unrecovered
TXN100720,14087.38,UPI,upi_timeout,0,12,0,30.5,0.727,1,Recovered
TXN100721,2881.43,UPI,authentication_failed,0,19,4,51.7,0.2,0,Unrecovered
TXN100722,1183.21,UPI,card_declined,0,3,3,31.9,0.361,0,Unrecovered
TXN100723,11168.33,UPI,card_declined,0,10,2,52.7,0.4,0,Unrecovered
TXN100724,8701.78,Card,network_error,2,16,3,16.9,0.63,1,Recovered
TXN100725,12658.91,UPI,insufficient_funds,0,6,3,58.6,0.115,0,Unrecovered
TXN100726,2267.77,Card,card_declined,1,13,4,42.4,0.365,1,Recovered
TXN100727,11969.75,Wallet,authentication_failed,0,10,1,15.3,0.299,0,Unrecovered
TXN100728,3183.29,NetBanking,network_error,1,8,2,17.1,0.654,1,Recovered
TXN100729,2621.27,Card,upi_timeout,0,12,1,45.3,0.705,1,Recovered
TXN100730,2630.3,UPI,authentication_failed,2,17,5,59.8,0.05,0,Unrecovered
TXN100731,12255.52,Card,network_error,2,10,3,30.0,0.465,1,Recovered
TXN100732,10044.58,Card,authentication_failed,0,14,5,18.7,0.231,0,Unrecovered
TXN100733,7940.89,UPI,card_declined,2,18,0,62.4,0.39,0,Unrecovered
TXN100734,5510.05,UPI,upi_timeout,3,0,3,48.2,0.235,0,Unrecovered
TXN100735,13182.45,NetBanking,network_error,2,3,1,32.3,0.398,1,Recovered
TXN100736,6007.58,UPI,bank_timeout,2,13,3,35.2,0.534,1,Recovered
TXN100737,12285.49,UPI,upi_timeout,0,13,0,14.8,0.821,1,Recovered
TXN100738,6698.64,UPI,bank_timeout,1,2,4,45.2,0.4,0,Unrecovered
TXN100739,5778.15,UPI,authentication_failed,0,16,5,25.9,0.246,0,Unrecovered
TXN100740,7047.12,NetBanking,insufficient_funds,0,2,5,71.7,0.055,0,Unrecovered
TXN100741,4659.69,Card,upi_timeout,3,15,1,34.6,0.512,0,Unrecovered
TXN100742,11264.37,NetBanking,authentication_failed,0,13,3,35.0,0.195,1,Recovered
TXN100743,7639.76,UPI,bank_timeout,1,19,1,40.8,0.645,1,Recovered
TXN100744,3635.98,UPI,card_declined,2,12,4,66.0,0.27,0,Unrecovered
TXN100745,13513.6,Card,card_declined,2,14,3,57.7,0.265,0,Unrecovered
TXN100746,5880.97,UPI,insufficient_funds,3,13,3,32.5,0.068,0,Unrecovered
TXN100747,8244.13,UPI,upi_timeout,0,18,1,51.8,0.725,1,Recovered
TXN100748,13615.69,NetBanking,upi_timeout,0,5,1,42.3,0.55,0,Unrecovered
TXN100749,9438.35,UPI,upi_timeout,0,9,0,35.5,0.708,0,Unrecovered
TXN100750,1929.21,Card,authentication_failed,0,14,4,13.9,0.33,0,Unrecovered
TXN100751,14109.46,UPI,insufficient_funds,0,19,0,33.5,0.333,0,Unrecovered
TXN100752,9489.71,UPI,upi_timeout,0,5,5,17.8,0.611,0,Unrecovered
TXN100753,5155.94,UPI,authentication_failed,2,9,3,65.9,0.05,0,Unrecovered
TXN100754,2260.37,Wallet,card_declined,1,6,1,24.2,0.414,0,Unrecovered
TXN100755,11951.37,NetBanking,bank_timeout,0,16,3,68.6,0.625,1,Recovered
TXN100756,9376.7,Wallet,authentication_failed,1,17,3,38.4,0.153,0,Unrecovered
TXN100757,8094.76,Card,card_declined,0,16,2,45.5,0.5,0,Unrecovered
TXN100758,13429.5,UPI,card_declined,0,8,5,39.1,0.3,0,Unrecovered
TXN100759,11871.03,Card,bank_timeout,2,9,2,9.4,0.578,1,Recovered
TXN100760,2443.94,Card,card_declined,1,9,3,27.1,0.395,1,Recovered
TXN100761,4812.8,NetBanking,insufficient_funds,2,6,1,7.2,0.219,0,Unrecovered
TXN100762,3876.89,UPI,bank_timeout,0,15,3,44.9,0.675,1,Recovered
TXN100763,11210.15,Card,card_declined,2,17,5,32.2,0.254,0,Unrecovered
TXN100764,695.31,UPI,network_error,1,5,2,56.0,0.495,1,Recovered
TXN100765,8633.94,UPI,authentication_failed,1,19,1,16.0,0.315,1,Recovered
TXN100766,11484.15,Card,card_declined,1,0,3,11.9,0.286,0,Unrecovered
TXN100767,13176.01,Card,insufficient_funds,2,0,4,29.3,0.05,0,Unrecovered
TXN100768,5262.15,UPI,upi_timeout,1,11,5,66.7,0.51,0,Unrecovered
TXN100769,12354.43,UPI,card_declined,1,1,5,51.2,0.11,0,Unrecovered
TXN100770,1836.46,Card,upi_timeout,3,3,4,30.2,0.304,0,Unrecovered
TXN100771,12727.34,NetBanking,network_error,2,16,3,37.3,0.478,0,Unrecovered
TXN100772,2085.96,NetBanking,card_declined,0,3,5,6.2,0.439,0,Unrecovered
TXN100773,6079.25,Wallet,bank_timeout,1,10,1,70.9,0.595,1,Recovered
TXN100774,11999.77,NetBanking,upi_timeout,0,3,3,48.0,0.47,1,Recovered
TXN100775,2417.93,UPI,network_error,0,0,3,20.6,0.572,0,Unrecovered
TXN100776,3592.15,Card,bank_timeout,1,6,2,42.2,0.51,1,Recovered
TXN100777,10889.06,UPI,bank_timeout,2,17,5,8.0,0.575,0,Unrecovered
TXN100778,10856.26,UPI,bank_timeout,2,8,5,69.5,0.335,0,Unrecovered
TXN100779,9688.63,NetBanking,bank_timeout,0,2,4,12.7,0.616,1,Recovered
TXN100780,10470.13,UPI,card_declined,1,7,2,46.7,0.275,0,Unrecovered
TXN100781,8231.86,Wallet,authentication_failed,0,18,2,17.7,0.362,0,Unrecovered
TXN100782,3925.88,Card,card_declined,3,3,5,51.7,0.05,0,Unrecovered
TXN100783,5315.65,Card,card_declined,3,17,3,56.0,0.235,0,Unrecovered
TXN100784,2886.83,Card,network_error,1,19,2,48.5,0.62,0,Unrecovered
TXN100785,13644.98,NetBanking,network_error,2,10,4,44.3,0.39,1,Recovered
TXN100786,8833.78,Card,authentication_failed,1,13,2,64.3,0.165,0,Unrecovered
TXN100787,6132.0,Card,network_error,1,17,4,5.8,0.741,1,Recovered
TXN100788,7037.15,UPI,insufficient_funds,0,15,2,23.9,0.38,0,Unrecovered
TXN100789,14219.74,Card,authentication_failed,1,2,4,18.0,0.05,0,Unrecovered
TXN100790,2468.75,UPI,network_error,1,14,2,71.1,0.62,1,Recovered
TXN100791,8875.79,Card,authentication_failed,1,3,2,28.1,0.075,1,Recovered
TXN100792,7686.66,Card,card_declined,0,4,1,52.8,0.385,0,Unrecovered
TXN100793,9249.13,Card,card_declined,3,16,4,49.3,0.21,0,Unrecovered
TXN100794,467.05,UPI,authentication_failed,0,6,4,15.3,0.214,0,Unrecovered
TXN100795,13107.31,UPI,insufficient_funds,1,15,4,17.3,0.234,0,Unrecovered
TXN100796,13995.28,Card,insufficient_funds,1,13,0,20.3,0.314,0,Unrecovered
TXN100797,8563.54,UPI,authentication_failed,1,15,2,29.7,0.222,1,Recovered
TXN100798,10510.13,UPI,network_error,1,6,4,16.9,0.526,0,Unrecovered
TXN100799,13852.91,UPI,upi_timeout,0,8,5,1.5,0.688,1,Recovered
TXN100800,10666.84,Wallet,insufficient_funds,0,3,0,63.3,0.145,0,Unrecovered
TXN100801,2456.73,Card,bank_timeout,1,10,1,69.5,0.595,1,Recovered
TXN100802,8728.64,UPI,card_declined,1,1,4,24.7,0.262,1,Recovered
TXN100803,9178.99,UPI,authentication_failed,0,11,4,24.4,0.243,0,Unrecovered
TXN100804,6476.56,UPI,bank_timeout,1,11,0,0.6,0.832,1,Recovered
TXN100805,11099.11,NetBanking,authentication_failed,1,3,2,49.0,0.05,0,Unrecovered
TXN100806,14028.57,Card,card_declined,1,17,5,59.4,0.295,0,Unrecovered
TXN100807,13898.34,UPI,card_declined,2,6,1,10.6,0.352,1,Recovered
TXN100808,6871.87,UPI,insufficient_funds,0,0,4,11.6,0.192,0,Unrecovered
TXN100809,1875.04,UPI,insufficient_funds,0,12,2,56.9,0.28,0,Unrecovered
TXN100810,14775.63,Card,bank_timeout,2,5,5,44.4,0.29,0,Unrecovered
TXN100811,12615.53,NetBanking,authentication_failed,1,5,5,3.3,0.104,0,Unrecovered
TXN100812,2044.13,UPI,card_declined,1,11,1,44.9,0.41,0,Unrecovered
TXN100813,13828.38,UPI,bank_timeout,2,7,3,22.3,0.458,0,Unrecovered
TXN100814,13074.34,UPI,upi_timeout,2,18,5,26.6,0.482,1,Recovered
TXN100815,7878.32,Wallet,bank_timeout,3,4,3,55.4,0.295,0,Unrecovered
TXN100816,8950.47,UPI,network_error,1,17,5,58.4,0.545,0,Unrecovered
TXN100817,6104.64,NetBanking,bank_timeout,1,4,1,28.9,0.561,1,Recovered
TXN100818,1009.53,Card,network_error,0,9,0,68.2,0.685,1,Recovered
TXN100819,5160.25,UPI,network_error,0,0,1,29.3,0.578,0,Unrecovered
TXN100820,12082.03,UPI,network_error,1,9,1,55.6,0.53,0,Unrecovered
TXN100821,267.56,UPI,upi_timeout,0,4,0,34.9,0.636,1,Recovered
TXN100822,5135.12,Card,bank_timeout,2,11,0,64.6,0.555,1,Recovered
TXN100823,6092.29,NetBanking,bank_timeout,1,6,2,65.4,0.51,0,Unrecovered
TXN100824,8152.99,Card,upi_timeout,1,8,5,6.4,0.633,1,Recovered
TXN100825,13813.78,Card,card_declined,0,11,2,67.4,0.415,1,Recovered
TXN100826,5325.27,UPI,insufficient_funds,0,0,0,59.5,0.15,0,Unrecovered
TXN100827,5334.25,Wallet,bank_timeout,0,10,3,57.0,0.625,1,Recovered
TXN100828,11114.76,NetBanking,insufficient_funds,0,14,3,14.5,0.353,0,Unrecovered
TXN100829,6892.28,UPI,authentication_failed,0,1,1,58.0,0.09,0,Unrecovered
TXN100830,3523.38,Wallet,authentication_failed,1,19,4,61.2,0.12,0,Unrecovered
TXN100831,6895.56,Card,upi_timeout,2,6,1,20.9,0.55,1,Recovered
TXN100832,2283.82,Card,authentication_failed,2,11,1,68.6,0.08,0,Unrecovered
TXN100833,2809.7,Card,authentication_failed,1,17,4,3.7,0.302,1,Recovered
TXN100834,7575.34,NetBanking,card_declined,0,2,5,10.9,0.401,1,Recovered
TXN100835,6399.52,Card,card_declined,2,6,0,38.8,0.286,1,Recovered
TXN100836,13739.63,UPI,card_declined,2,10,3,41.5,0.215,0,Unrecovered
TXN100837,5562.79,UPI,authentication_failed,0,17,1,46.5,0.275,0,Unrecovered
TXN100838,8792.29,Wallet,upi_timeout,1,11,4,1.3,0.729,1,Recovered
TXN100839,9557.14,UPI,network_error,0,5,2,69.2,0.575,0,Unrecovered
TXN100840,392.81,UPI,network_error,2,4,1,3.3,0.608,0,Unrecovered
TXN100841,10020.02,UPI,insufficient_funds,3,0,3,10.4,0.05,0,Unrecovered
TXN100842,2834.11,UPI,network_error,0,11,0,1.1,0.91,1,Recovered
TXN100843,14423.8,Card,network_error,2,10,1,40.9,0.465,0,Unrecovered
TXN100844,2399.36,Wallet,card_declined,1,3,1,67.1,0.29,0,Unrecovered
TXN100845,6335.85,UPI,card_declined,3,17,5,48.0,0.185,0,Unrecovered
TXN100846,1462.26,UPI,authentication_failed,1,3,4,59.2,0.05,0,Unrecovered
TXN100847,14953.74,UPI,insufficient_funds,2,16,2,1.1,0.284,1,Recovered
TXN100848,7631.99,NetBanking,bank_timeout,0,1,2,39.1,0.52,1,Recovered
TXN100849,9011.29,Card,insufficient_funds,0,1,0,33.1,0.2,0,Unrecovered
TXN100850,1191.8,UPI,insufficient_funds,0,11,3,36.0,0.26,0,Unrecovered
TXN100851,11299.16,NetBanking,upi_timeout,3,5,0,5.3,0.508,0,Unrecovered
TXN100852,3305.81,NetBanking,authentication_failed,2,9,1,49.3,0.05,0,Unrecovered
TXN100853,13491.1,NetBanking,upi_timeout,2,15,1,36.3,0.533,0,Unrecovered
TXN100854,3235.27,Wallet,insufficient_funds,3,13,2,55.1,0.055,0,Unrecovered
TXN100855,3021.37,UPI,insufficient_funds,0,6,3,35.0,0.19,0,Unrecovered
TXN100856,739.97,NetBanking,insufficient_funds,0,18,4,10.8,0.396,1,Recovered
TXN100857,7186.06,Card,network_error,0,16,3,46.7,0.675,1,Recovered
TXN100858,8559.21,NetBanking,upi_timeout,0,8,1,12.5,0.782,1,Recovered
TXN100859,1171.55,Card,insufficient_funds,0,12,4,62.8,0.23,1,Recovered
TXN100860,11677.58,NetBanking,card_declined,1,4,3,44.2,0.205,0,Unrecovered
TXN100861,6908.13,Card,authentication_failed,0,4,3,11.4,0.228,0,Unrecovered
TXN100862,7960.5,UPI,authentication_failed,0,9,4,69.3,0.135,0,Unrecovered
TXN100863,6722.73,Card,card_declined,0,9,1,37.4,0.473,1,Recovered
TXN100864,6130.69,Wallet,authentication_failed,0,6,3,5.3,0.288,0,Unrecovered
TXN100865,8482.24,Wallet,network_error,3,14,4,45.2,0.41,0,Unrecovered
TXN100866,2496.71,UPI,network_error,2,6,5,18.3,0.463,0,Unrecovered
TXN100867,2891.72,UPI,bank_timeout,3,14,5,57.9,0.385,0,Unrecovered
TXN100868,12954.29,UPI,bank_timeout,0,2,1,58.9,0.505,0,Unrecovered
TXN100869,14202.45,Card,bank_timeout,0,18,4,70.5,0.6,1,Recovered
TXN100870,5724.35,NetBanking,authentication_failed,2,9,5,36.2,0.05,0,Unrecovered
TXN100871,4206.29,UPI,network_error,0,14,4,32.8,0.686,1,Recovered
TXN100872,9730.84,Card,network_error,0,2,3,54.3,0.505,0,Unrecovered
TXN100873,6248.67,NetBanking,network_error,0,5,1,9.6,0.752,1,Recovered
TXN100874,574.74,Card,card_declined,0,11,5,39.4,0.393,0,Unrecovered
TXN100875,2510.21,Card,network_error,0,14,3,39.4,0.678,1,Recovered
TXN100876,10796.1,Card,card_declined,0,5,0,6.5,0.542,0,Unrecovered
TXN100877,9951.73,Card,bank_timeout,1,12,0,30.2,0.699,1,Recovered
TXN100878,600.05,UPI,bank_timeout,0,18,1,61.5,0.725,0,Unrecovered
TXN100879,3484.41,Card,authentication_failed,0,2,5,61.7,0.05,1,Recovered
TXN100880,3619.14,Card,bank_timeout,2,7,5,7.2,0.534,0,Unrecovered
TXN100881,10143.68,NetBanking,authentication_failed,0,7,5,6.6,0.197,0,Unrecovered
TXN100882,490.74,Card,insufficient_funds,0,19,4,19.0,0.355,0,Unrecovered
TXN100883,1739.91,NetBanking,insufficient_funds,2,14,3,63.0,0.115,0,Unrecovered
TXN100884,12038.56,UPI,upi_timeout,0,3,5,9.4,0.573,0,Unrecovered
TXN100885,2841.64,Card,authentication_failed,0,18,3,51.9,0.225,0,Unrecovered
TXN100886,9860.3,UPI,upi_timeout,1,2,1,7.4,0.638,1,Recovered
TXN100887,3724.34,UPI,upi_timeout,0,12,5,44.9,0.605,0,Unrecovered
TXN100888,1670.83,Card,insufficient_funds,1,7,1,25.7,0.221,0,Unrecovered
TXN100889,3798.19,Wallet,authentication_failed,2,15,5,56.8,0.05,0,Unrecovered
TXN100890,10889.27,UPI,insufficient_funds,0,12,0,16.9,0.396,0,Unrecovered
TXN100891,12864.16,UPI,upi_timeout,1,2,2,46.1,0.4,0,Unrecovered
TXN100892,12487.08,NetBanking,authentication_failed,1,15,1,17.0,0.26,1,Recovered
TXN100893,6077.71,UPI,upi_timeout,0,8,5,51.4,0.545,1,Recovered
TXN100894,10087.33,Card,network_error,1,13,2,62.9,0.565,1,Recovered
TXN100895,3232.97,Card,authentication_failed,0,12,1,9.2,0.409,0,Unrecovered
TXN100896,4537.88,Card,authentication_failed,1,6,4,62.4,0.05,0,Unrecovered
TXN100897,13465.67,UPI,upi_timeout,0,14,5,42.8,0.575,0,Unrecovered
TXN100898,391.44,UPI,network_error,1,6,4,9.2,0.614,1,Recovered
TXN100899,1464.61,NetBanking,card_declined,0,5,0,30.8,0.471,1,Recovered
TXN100900,3275.92,Card,insufficient_funds,2,1,5,11.7,0.05,0,Unrecovered
TXN100901,591.7,UPI,upi_timeout,0,8,0,50.5,0.67,0,Unrecovered
TXN100902,2884.43,NetBanking,authentication_failed,0,16,2,54.7,0.25,0,Unrecovered
TXN100903,8828.6,UPI,insufficient_funds,1,4,1,7.7,0.266,0,Unrecovered
TXN100904,6436.5,Card,insufficient_funds,1,11,3,36.5,0.178,0,Unrecovered
TXN100905,13411.43,UPI,insufficient_funds,1,0,0,58.7,0.05,0,Unrecovered
TXN100906,12297.98,Wallet,card_declined,1,9,3,67.4,0.28,0,Unrecovered
TXN100907,5258.24,UPI,bank_timeout,2,10,3,37.0,0.48,1,Recovered
TXN100908,4038.73,UPI,upi_timeout,2,15,1,68.4,0.565,1,Recovered
TXN100909,5818.83,UPI,bank_timeout,0,13,2,38.6,0.702,0,Unrecovered
TXN100910,8935.96,UPI,bank_timeout,1,7,1,28.4,0.608,1,Recovered
TXN100911,4166.61,NetBanking,bank_timeout,2,16,5,61.1,0.465,0,Unrecovered
TXN100912,9437.03,Wallet,insufficient_funds,3,17,0,35.5,0.133,0,Unrecovered
TXN100913,6258.7,UPI,network_error,2,11,3,34.0,0.51,0,Unrecovered
TXN100914,8369.85,UPI,insufficient_funds,0,16,1,35.4,0.348,0,Unrecovered
TXN100915,6654.11,Card,insufficient_funds,0,13,1,61.0,0.32,1,Recovered
TXN100916,4557.39,NetBanking,authentication_failed,1,15,1,59.9,0.195,1,Recovered
TXN100917,14237.06,Card,authentication_failed,1,13,0,29.1,0.22,1,Recovered
TXN100918,11501.13,UPI,bank_timeout,1,8,2,24.1,0.569,1,Recovered
TXN100919,2272.82,UPI,insufficient_funds,1,3,1,35.5,0.112,0,Unrecovered
TXN100920,13053.19,Card,bank_timeout,2,10,0,41.3,0.49,1,Recovered
TXN100921,7413.47,UPI,authentication_failed,0,5,3,17.2,0.214,0,Unrecovered
TXN100922,13439.27,Card,network_error,2,14,5,57.2,0.415,1,Recovered
TXN100923,12037.66,UPI,upi_timeout,0,4,4,35.1,0.485,0,Unrecovered
TXN100924,6492.59,NetBanking,bank_timeout,0,10,0,24.1,0.78,1,Recovered
TXN100925,531.57,UPI,network_error,1,17,4,7.8,0.731,1,Recovered
TXN100926,4175.69,Card,upi_timeout,2,12,1,17.3,0.658,1,Recovered
TXN100927,8215.73,Card,card_declined,0,10,1,68.4,0.475,0,Unrecovered
TXN100928,9575.11,Card,bank_timeout,0,13,0,22.0,0.835,1,Recovered
TXN100929,4016.0,UPI,bank_timeout,3,17,4,12.2,0.549,0,Unrecovered
TXN100930,2261.61,Card,card_declined,0,18,1,33.2,0.559,1,Recovered
TXN100931,12556.8,Card,card_declined,1,14,3,22.2,0.434,0,Unrecovered
TXN100932,14769.14,Card,bank_timeout,1,8,2,2.6,0.677,1,Recovered
TXN100933,7979.74,Card,card_declined,1,7,2,23.3,0.409,0,Unrecovered
TXN100934,2740.03,Card,insufficient_funds,1,19,1,39.2,0.249,0,Unrecovered
TXN100935,4229.42,NetBanking,upi_timeout,0,0,4,39.8,0.451,1,Recovered
TXN100936,471.2,UPI,upi_timeout,1,3,5,25.7,0.462,1,Recovered
TXN100937,13731.54,NetBanking,upi_timeout,0,13,1,32.3,0.708,1,Recovered
TXN100938,1941.83,Card,insufficient_funds,1,1,5,69.5,0.05,0,Unrecovered
TXN100939,8732.02,UPI,card_declined,0,15,5,27.2,0.489,0,Unrecovered
TXN100940,4255.29,UPI,network_error,1,2,4,18.7,0.507,1,Recovered
TXN100941,8401.39,UPI,card_declined,0,7,5,17.6,0.442,1,Recovered
TXN100942,9840.67,NetBanking,bank_timeout,0,5,3,33.0,0.585,1,Recovered
TXN100943,12480.01,Card,authentication_failed,0,15,4,54.7,0.15,0,Unrecovered
TXN100944,3254.24,NetBanking,upi_timeout,0,15,1,14.9,0.85,1,Recovered
TXN100945,361.75,Card,card_declined,2,6,3,51.1,0.205,0,Unrecovered
TXN100946,2225.04,UPI,network_error,0,12,0,1.6,0.922,1,Recovered
TXN100947,13520.18,UPI,bank_timeout,2,12,2,30.2,0.519,1,Recovered
TXN100948,13133.45,UPI,insufficient_funds,3,4,1,55.9,0.05,0,Unrecovered
TXN100949,9041.31,UPI,insufficient_funds,1,19,1,24.5,0.322,1,Recovered
TXN100950,9087.25,UPI,network_error,0,17,1,40.6,0.725,1,Recovered
TXN100951,10042.21,UPI,bank_timeout,0,14,3,14.8,0.751,1,Recovered
TXN100952,2794.67,Card,upi_timeout,2,17,0,53.4,0.59,0,Unrecovered
TXN100953,13733.21,Card,card_declined,0,1,4,3.9,0.396,1,Recovered
TXN100954,6397.22,Wallet,bank_timeout,0,9,0,61.4,0.685,1,Recovered
TXN100955,5869.83,Wallet,insufficient_funds,1,12,3,14.4,0.303,0,Unrecovered
TXN100956,7879.5,Card,network_error,2,17,1,63.0,0.565,0,Unrecovered
TXN100957,894.14,UPI,network_error,2,14,2,25.4,0.613,1,Recovered
TXN100958,2660.16,Card,card_declined,0,11,1,52.1,0.49,0,Unrecovered
TXN100959,11122.64,NetBanking,network_error,1,14,4,23.1,0.604,0,Unrecovered
TXN100960,1424.5,UPI,network_error,0,12,5,65.2,0.605,0,Unrecovered
TXN100961,9126.25,UPI,bank_timeout,0,17,2,9.2,0.854,1,Recovered
TXN100962,3830.41,NetBanking,upi_timeout,2,14,1,12.9,0.7,1,Recovered
TXN100963,5960.96,UPI,card_declined,0,10,2,35.5,0.473,0,Unrecovered
TXN100964,4471.96,Card,bank_timeout,0,18,5,6.0,0.795,1,Recovered
TXN100965,5463.31,Card,upi_timeout,0,2,0,14.2,0.709,0,Unrecovered
TXN100966,10841.6,UPI,bank_timeout,2,6,3,68.0,0.355,0,Unrecovered
TXN100967,4596.7,UPI,authentication_failed,2,13,1,70.3,0.11,0,Unrecovered
TXN100968,8582.36,UPI,bank_timeout,1,13,4,27.2,0.629,0,Unrecovered
TXN100969,7245.02,UPI,network_error,2,12,0,66.5,0.57,1,Recovered
TXN100970,10022.0,UPI,upi_timeout,0,11,1,39.3,0.644,1,Recovered
TXN100971,14065.02,NetBanking,card_declined,1,8,0,19.5,0.443,0,Unrecovered
TXN100972,11041.8,UPI,card_declined,0,0,4,50.6,0.2,1,Recovered
TXN100973,3380.33,Card,upi_timeout,0,18,1,47.5,0.725,0,Unrecovered
TXN100974,660.54,UPI,network_error,1,10,5,71.2,0.495,0,Unrecovered
TXN100975,4080.77,Wallet,insufficient_funds,2,18,5,19.2,0.169,0,Unrecovered
TXN100976,9006.75,UPI,bank_timeout,0,17,4,48.4,0.65,1,Recovered
TXN100977,960.15,UPI,network_error,0,11,2,3.8,0.846,0,Unrecovered
TXN100978,7545.72,NetBanking,authentication_failed,0,0,4,8.3,0.159,0,Unrecovered
TXN100979,9032.87,NetBanking,upi_timeout,0,18,2,0.4,0.898,1,Recovered
TXN100980,5146.14,UPI,bank_timeout,2,19,1,72.0,0.565,0,Unrecovered
TXN100981,11609.27,NetBanking,card_declined,1,16,2,57.8,0.37,0,Unrecovered
TXN100982,1776.76,Card,insufficient_funds,1,4,1,56.7,0.105,0,Unrecovered
TXN100983,1311.11,Card,authentication_failed,2,2,1,36.7,0.05,0,Unrecovered
TXN100984,10976.92,UPI,card_declined,0,1,3,21.7,0.332,0,Unrecovered
TXN100985,7532.77,UPI,upi_timeout,1,2,1,11.0,0.62,1,Recovered
TXN100986,10388.04,Card,bank_timeout,0,7,2,20.6,0.652,0,Unrecovered
TXN100987,6634.88,Card,upi_timeout,1,15,3,27.1,0.66,1,Recovered
TXN100988,3846.0,UPI,bank_timeout,3,5,3,54.5,0.31,0,Unrecovered
TXN100989,12322.53,Card,network_error,2,12,1,38.9,0.5,0,Unrecovered
TXN100990,12031.15,NetBanking,insufficient_funds,0,15,4,5.7,0.372,0,Unrecovered
TXN100991,10481.2,UPI,network_error,2,15,4,1.4,0.633,1,Recovered
TXN100992,4227.02,Card,network_error,0,2,5,7.5,0.618,0,Unrecovered
TXN100993,8935.0,UPI,upi_timeout,0,12,3,29.6,0.707,0,Unrecovered
TXN100994,5541.77,NetBanking,insufficient_funds,0,13,1,67.2,0.32,0,Unrecovered
TXN100995,1554.51,Card,bank_timeout,0,7,4,45.9,0.555,0,Unrecovered
TXN100996,13776.16,Wallet,bank_timeout,1,11,1,57.8,0.56,1,Recovered
TXN100997,2224.05,UPI,authentication_failed,1,7,1,33.6,0.132,1,Recovered
TXN100998,14263.46,UPI,card_declined,2,8,3,26.1,0.254,0,Unrecovered
TXN100999,6800.33,UPI,authentication_failed,1,0,5,7.9,0.056,0,Unrecovered
